route_id,zone,population,risk_level,road_capacity,distance_km,avg_speed_kmph,evac_time_min
R52,D,992,0.68,488,25.5,53.4,34.5
R93,A,3462,0.89,415,4.0,58.7,7.5
R15,D,1405,0.95,142,26.7,37.5,85.0
R72,D,3308,0.71,469,9.2,35.7,26.4
R61,A,2461,0.34,459,18.6,53.9,31.8
R21,B,453,0.85,358,28.2,37.1,51.4
R83,B,3999,0.14,194,21.0,42.1,91.6
R87,D,4710,0.3,135,13.6,29.2,125.4
R75,A,4086,0.86,202,21.3,49.7,77.7
R75,B,1364,0.32,51,11.6,41.3,61.9
R88,A,4500,0.29,391,9.8,52.4,24.1
R100,A,2213,0.22,438,29.9,51.2,52.7
R24,A,1516,0.83,309,23.0,28.6,71.9
R3,E,2701,0.53,213,20.1,48.6,56.3
R22,A,2072,0.67,55,11.9,52.0,65.5
R53,E,2260,0.3,198,3.4,33.8,12.9
R2,D,3080,0.74,254,2.9,26.9,14.3
R88,B,3171,0.75,167,17.5,20.1,151.4
R30,B,960,0.37,138,23.3,38.0,62.4
R38,B,2935,0.45,203,17.0,34.1,73.2
R2,B,2629,0.28,488,25.5,42.2,55.8
R64,B,4254,0.93,216,2.9,27.5,18.8
R60,B,2750,0.65,210,12.3,54.4,31.3
R21,B,1432,0.89,319,8.6,30.3,24.7
R33,D,999,0.36,105,14.5,29.1,58.3
R76,A,2338,0.76,277,4.0,39.2,11.3
R58,C,4947,0.75,386,28.7,40.0,98.2
R22,E,4800,0.69,198,8.3,28.6,59.6
R89,C,4857,0.92,95,27.8,30.9,330.0
R49,C,2479,0.43,193,13.9,26.8,71.1
R91,A,3138,0.21,287,29.6,48.7,76.3
R59,A,1173,0.67,321,17.5,50.8,28.2
R42,A,383,0.72,169,28.1,38.5,53.7
R92,B,1722,0.59,389,2.1,48.6,3.7
R60,D,2975,0.28,462,23.0,49.4,45.9
R80,B,3480,0.53,269,27.3,25.5,147.3
R15,D,4616,0.37,57,5.9,58.6,55.0
R62,D,4275,0.46,393,4.7,52.8,11.2
R62,C,1691,0.65,436,13.9,28.2,41.0
R47,C,3518,0.73,324,28.1,27.4,128.3
R62,D,4507,0.3,402,17.2,25.0,87.6
R51,D,914,0.44,115,16.8,25.5,70.9
R55,B,3271,0.33,128,6.0,49.9,25.7
R64,B,3865,0.27,135,2.0,38.8,11.9
R3,C,3876,0.77,173,24.7,51.3,93.6
R51,A,4870,0.87,251,4.5,49.9,15.9
R7,D,570,0.41,199,19.7,44.2,34.4
R21,B,4366,0.74,95,27.6,47.5,195.1
R73,C,2768,0.86,162,7.8,20.7,61.2
R39,B,1690,0.82,140,20.6,32.5,83.9
R18,D,3654,0.26,190,4.2,45.5,16.2
R4,D,4435,0.91,338,18.9,20.4,128.5
R89,E,3907,0.42,438,6.6,21.3,35.2
R60,A,2883,0.39,267,22.6,54.1,52.1
R14,E,4373,0.15,126,10.4,47.4,58.9
R9,C,3375,0.51,460,15.0,30.6,51.0
R90,B,4206,0.19,426,18.8,47.5,47.2
R53,C,589,0.31,433,6.8,51.7,9.0
R2,D,2780,0.37,383,22.8,32.3,73.1
R84,E,3552,0.79,201,10.5,21.4,81.5
R92,E,578,0.84,372,20.5,57.3,24.8
R60,E,3224,0.36,288,6.4,33.8,24.1
R71,C,880,0.83,164,21.3,24.3,80.8
R44,D,553,0.83,368,5.6,39.7,9.7
R8,B,4576,0.75,418,13.9,50.7,34.5
R47,B,1124,0.22,143,8.9,28.9,33.0
R35,C,4132,0.69,97,23.0,30.8,235.7
R78,E,999,0.9,240,9.3,29.7,26.6
R81,A,1680,0.68,61,26.7,59.7,100.7
R36,C,4196,0.38,205,27.0,27.9,176.9
R50,C,1973,0.53,221,7.5,43.0,19.8
R4,D,3027,0.65,476,19.2,57.0,33.1
R2,B,3456,0.53,450,4.5,25.9,18.4
R6,C,3688,0.2,345,13.0,58.8,27.4
R54,C,4607,0.37,226,22.0,57.9,69.3
R4,E,683,0.78,390,20.5,55.4,26.1
R54,E,641,0.83,106,19.5,28.6,65.6
R93,A,2287,0.22,392,9.9,45.4,20.7
R63,D,4359,0.91,389,12.6,50.4,31.8
R18,A,3409,0.38,497,4.9,59.4,8.3
R90,E,4382,0.66,252,22.1,27.2,133.5
R44,B,4815,0.74,234,16.1,50.6,58.4
R34,E,3098,0.79,170,21.8,33.6,109.9
R74,D,3540,0.9,275,9.0,27.0,45.7
R62,E,2288,0.37,251,11.1,36.9,34.5
R100,D,3714,0.83,379,11.4,51.8,26.1
R14,D,2149,0.21,412,2.7,38.6,6.4
R95,D,605,0.7,429,11.5,41.5,19.0
R48,D,3913,0.73,405,24.5,59.8,48.3
R15,D,3049,0.68,265,27.1,36.0,97.1
R72,B,1435,0.31,92,16.5,44.6,56.8
R78,A,505,0.84,424,14.8,34.6,28.7
R87,C,4891,0.24,72,2.9,35.7,38.0
R62,A,3750,0.15,204,26.6,47.8,94.8
R40,D,4111,0.71,235,2.4,57.5,6.9
R85,B,3922,0.5,298,28.5,41.7,95.0
R80,E,3899,0.82,286,15.7,50.7,43.9
R82,B,2851,0.43,342,11.6,23.6,54.1
R53,D,4608,0.24,183,27.9,28.4,207.4
R24,B,609,0.81,370,2.7,40.1,4.7
R26,B,3008,0.57,439,18.3,20.8,89.0
R89,D,2291,0.26,483,17.4,30.1,51.1
R60,B,571,0.71,71,8.1,40.7,21.5
R41,C,3942,0.53,410,14.0,20.6,80.0
R29,C,4386,0.61,137,20.3,30.6,167.2
R15,B,2122,0.49,202,22.4,40.6,67.9
R45,E,3573,0.8,174,2.0,42.9,8.5
R65,D,4838,0.81,128,28.2,57.0,141.9
R89,C,4649,0.7,395,6.6,45.8,18.8
R71,E,820,0.19,100,8.5,36.6,25.4
R9,B,1276,0.81,265,9.4,57.2,14.6
R88,E,4022,0.67,225,3.1,51.4,10.1
R1,A,3851,0.69,407,5.4,28.0,22.5
R8,C,4405,0.41,302,29.6,25.2,173.3
R88,B,3073,0.85,295,10.8,47.0,28.1
R63,D,2852,0.72,276,5.2,42.4,15.0
R11,B,3132,0.2,155,5.0,51.6,17.6
R81,D,4207,0.45,242,22.1,49.6,73.2
R8,B,452,0.85,365,25.9,45.0,38.8
R35,E,3264,0.14,351,9.2,59.5,17.9
R35,E,3216,0.92,85,2.6,41.3,18.1
R33,E,3100,0.68,491,8.2,24.5,32.8
R5,A,2052,0.64,253,3.6,53.1,7.4
R41,D,2910,0.33,471,4.9,30.1,15.8
R28,E,4175,0.31,316,14.1,51.1,38.4
R7,A,1404,0.9,317,8.4,58.3,12.5
R73,D,2836,0.35,219,16.4,47.9,47.1
R72,B,4499,0.76,88,9.1,43.8,76.2
R12,A,4154,0.43,188,28.3,38.4,141.9
R34,C,3794,0.22,341,27.4,34.6,100.4
R33,A,2214,0.11,101,17.9,34.1,100.5
R48,A,3372,0.56,336,11.9,45.5,31.4
R23,D,1306,0.93,338,12.7,50.1,21.1
R62,B,706,0.41,190,13.5,47.1,23.6
R88,C,466,0.4,195,22.4,27.9,59.7
R37,E,808,0.39,474,14.6,39.8,25.8
R99,E,1961,0.54,363,26.0,51.7,46.5
R44,A,3964,0.47,233,28.4,39.0,118.0
R86,D,3789,0.85,201,11.4,41.5,47.6
R91,D,980,0.53,250,17.7,50.8,29.1
R35,E,2824,0.53,177,4.7,46.5,15.7
R65,C,2420,0.22,336,7.6,36.4,21.6
R99,B,4977,0.94,360,13.6,55.8,34.8
R47,C,4657,0.31,302,7.8,26.5,44.9
R78,B,1663,0.16,315,26.5,59.8,40.6
R3,E,1631,0.66,237,6.4,24.8,26.1
R1,B,2592,0.61,435,14.8,20.6,68.8
R5,D,1838,0.45,279,19.0,55.6,34.0
R90,A,3708,0.46,320,21.4,29.8,93.0
R14,A,860,0.77,308,12.7,49.2,19.8
R27,E,1399,0.27,348,26.3,52.4,42.2
R9,D,2203,0.8,464,17.9,54.4,29.1
R79,C,474,0.65,247,14.3,59.7,17.1
R15,D,2456,0.46,372,3.9,31.8,12.2
R90,A,2530,0.49,105,15.0,48.4,63.4
R42,A,4587,0.32,368,25.0,24.6,137.0
R77,D,4460,0.74,252,19.2,36.3,87.9
R51,D,4220,0.54,320,25.3,53.9,65.3
R63,A,1797,0.37,158,15.8,34.7,58.4
R96,C,4154,0.61,165,5.3,43.6,25.7
R52,E,3471,0.95,141,2.4,40.2,12.4
R96,E,1867,0.47,187,10.5,45.8,27.5
R4,D,1451,0.88,471,21.5,58.9,28.6
R94,E,668,0.39,352,24.1,22.2,77.5
R23,A,342,0.15,106,10.3,43.0,19.0
R15,A,2207,0.27,99,15.9,54.5,56.5
R43,D,3790,0.46,120,13.8,39.3,87.6
R29,D,2835,0.29,448,13.5,23.1,57.3
R36,D,4473,0.1,451,8.5,42.4,24.0
R13,C,3173,0.88,131,5.8,33.3,35.8
R32,E,2124,0.82,421,7.5,26.2,25.8
R71,D,1593,0.73,154,3.5,54.0,7.9
R59,B,3686,0.24,137,7.5,40.9,40.6
R86,B,3272,0.2,51,2.3,57.3,17.9
R28,A,4222,0.16,409,19.6,52.2,45.8
R66,E,1292,0.72,133,10.9,47.7,27.0
R42,D,2686,0.89,92,29.2,20.2,340.0
R45,B,2540,0.47,203,7.4,37.1,26.9
R62,E,1776,0.2,376,11.7,27.9,37.0
R57,A,3707,0.54,471,12.0,56.4,22.8
R6,C,689,0.4,143,2.2,27.0,7.2
R28,E,1299,0.42,347,25.5,31.4,67.0
R28,E,4920,0.63,182,2.9,40.7,15.8
R44,C,2155,0.71,444,28.3,30.5,82.7
R84,E,958,0.19,114,27.0,28.4,105.0
R30,A,3063,0.13,339,17.0,44.0,44.1
R62,A,3963,0.95,425,17.2,23.6,84.5
R75,C,1781,0.3,306,20.3,22.3,86.4
R92,D,4031,0.15,435,12.8,34.9,42.4
R89,B,751,0.26,262,20.1,48.8,31.8
R62,D,2775,0.13,197,3.3,42.2,11.3
R97,E,3522,0.43,110,3.5,36.9,23.9
R1,B,1837,0.78,198,14.8,42.6,40.2
R27,C,3393,0.39,137,17.4,34.6,104.9
R62,C,1182,0.48,373,26.9,57.4,37.0
R77,B,4708,0.67,432,4.9,22.2,27.7
R3,A,4368,0.53,445,25.0,46.9,63.4
R70,B,2866,0.83,327,7.9,55.7,16.0
R72,E,3577,0.84,453,13.0,52.2,26.7
R27,A,674,0.11,131,10.9,27.4,36.1
R9,C,4846,0.76,178,13.2,31.8,92.7
R62,B,3997,0.49,335,6.2,48.7,16.8
R37,D,3362,0.94,431,16.1,23.4,73.5
R97,D,4990,0.51,402,24.4,52.5,62.5
R51,E,3550,0.94,329,14.4,48.8,36.8
R44,D,4895,0.74,319,15.7,49.2,48.5
R24,B,4859,0.31,341,25.8,24.0,156.4
R79,B,412,0.56,252,21.8,48.7,31.2
R59,D,3497,0.94,73,15.7,47.2,115.6
R32,B,2678,0.83,493,9.2,53.2,16.0
R96,E,2224,0.18,400,26.8,21.7,115.3
R88,A,439,0.7,360,18.2,20.9,58.6
R52,E,1724,0.39,257,8.2,34.9,23.6
R62,E,3249,0.11,329,9.5,26.0,43.6
R58,B,3468,0.44,254,24.5,42.3,82.2
R52,A,816,0.3,201,3.2,56.7,4.8
R12,B,2916,0.8,487,29.8,35.7,80.1
R39,C,1187,0.39,75,5.6,53.8,16.1
R2,B,3404,0.8,243,24.3,20.0,175.0
R3,B,349,0.1,385,13.1,26.7,32.1
R56,B,4251,0.36,471,15.8,21.2,85.1
R81,A,3860,0.3,287,26.7,33.1,113.5
R59,B,318,0.3,370,13.6,56.3,15.7
R2,A,1773,0.16,124,17.0,23.9,103.7
R2,D,4361,0.26,484,3.4,44.3,8.8
R92,C,2906,0.57,212,2.1,38.1,7.8
R54,A,751,0.35,348,8.9,57.5,11.3
R87,D,4065,0.45,78,21.1,24.9,315.8
R96,A,2738,0.42,214,5.4,28.5,25.9
R97,A,4610,0.84,386,5.2,21.2,32.3
R1,C,1849,0.87,235,13.5,37.4,38.7
R19,E,3774,0.52,103,20.1,31.1,180.9
R2,E,427,0.38,344,21.9,54.8,27.0
R53,A,3061,0.19,91,7.0,44.2,41.5
R44,B,4756,0.91,461,4.2,44.6,11.5
R90,D,4964,0.15,334,28.3,41.3,102.2
R32,B,1715,0.35,476,9.3,23.7,32.0
R70,B,501,0.35,436,25.9,37.8,45.8
R32,A,2669,0.37,187,26.2,60.0,63.6
R68,A,817,0.24,236,23.6,53.4,35.7
R55,A,1641,0.77,447,6.7,55.7,9.9
R75,A,2288,0.2,253,25.0,52.9,54.0
R56,E,3845,0.64,480,23.5,24.1,105.4
R17,A,4820,0.21,91,18.7,29.1,242.8
R38,E,4102,0.16,399,11.4,20.1,69.0
R24,E,3575,0.87,465,9.4,32.1,31.1
R69,A,3954,0.26,337,5.4,24.3,29.0
R98,C,2734,0.8,475,16.3,38.9,39.6
R70,D,507,0.56,465,18.4,47.1,26.0
R86,B,2933,0.17,75,12.1,55.0,64.8
R11,E,4417,0.91,420,15.3,50.0,37.7
R16,D,453,0.31,434,12.2,57.5,14.1
R97,C,3666,0.83,105,19.9,22.2,241.6
R73,B,4614,0.24,302,27.2,20.5,201.2
R59,B,1818,0.83,171,6.6,46.5,17.6
R70,E,2900,0.11,155,12.7,31.6,69.2
R80,A,2495,0.54,179,5.9,30.1,28.2
R93,C,4798,0.75,386,19.5,33.2,79.0
R3,E,4991,0.89,207,22.4,30.8,148.8
R20,C,3854,0.87,425,28.1,40.5,79.4
R59,A,2714,0.8,280,9.8,37.6,30.8
R36,A,3149,0.85,357,28.6,40.5,79.7
R19,E,2042,0.27,140,3.8,46.9,12.0
R90,A,1606,0.34,442,18.9,35.5,43.6
R67,D,4149,0.35,71,3.6,30.1,49.1
R19,B,4468,0.42,339,27.0,26.6,141.2
R20,E,4876,0.43,159,16.8,34.0,120.6
R96,C,4955,0.56,98,20.7,49.7,151.3
R71,D,4495,0.24,178,25.3,50.3,106.4
R52,E,2855,0.69,122,6.2,46.7,26.6
R33,A,2605,0.24,389,3.1,29.4,10.6
R40,A,4808,0.36,102,26.6,43.5,209.6
R39,A,1388,0.53,405,10.8,42.8,20.3
R82,A,2942,0.78,429,5.6,39.4,14.4
R1,C,1477,0.73,217,15.1,42.0,36.3
R11,D,3294,0.65,94,18.8,39.7,128.0
R92,B,859,0.23,442,2.9,42.6,4.9
R57,C,3264,0.56,154,9.7,48.6,37.4
R89,C,1571,0.17,199,2.9,24.4,12.8
R50,B,2113,0.42,195,13.8,50.0,34.5
R23,B,3215,0.45,253,27.1,25.4,145.4
R31,A,909,0.13,411,29.5,22.7,95.2
R94,C,2761,0.33,348,19.8,59.0,36.1
R42,E,4420,0.91,216,6.5,58.3,20.4
R99,B,583,0.91,250,27.4,22.4,90.5
R7,B,3228,0.4,183,16.5,37.7,72.6
R16,D,4696,0.14,260,6.3,27.4,38.7
R90,E,1391,0.25,97,27.8,39.4,103.0
R60,E,1116,0.43,175,23.2,53.2,42.9
R2,B,382,0.91,288,22.5,58.0,26.4
R1,A,2220,0.22,56,21.9,45.4,143.7
R48,D,3791,0.75,321,7.6,34.2,29.1
R12,E,3444,0.19,434,7.9,44.1,19.3
R69,B,2393,0.93,420,21.3,32.5,61.7
R37,E,475,0.42,86,8.2,56.4,13.5
R32,D,3004,0.76,260,14.3,54.8,33.7
R9,D,669,0.39,214,23.9,42.3,44.5
R99,C,2118,0.63,174,24.0,33.0,96.8
R19,B,2401,0.26,386,14.7,31.7,45.1
R48,D,3790,0.22,241,24.2,21.3,175.4
R80,C,2079,0.9,267,25.5,52.6,51.7
R3,C,1664,0.88,263,20.3,38.0,52.3
R20,E,4762,0.85,111,8.4,33.0,80.8
R24,E,3642,0.63,377,9.7,38.8,29.5
R54,C,3976,0.79,494,10.8,52.7,22.2
R33,E,2726,0.16,430,5.3,25.0,20.8
R24,D,372,0.38,210,9.6,54.3,12.5
R75,A,3262,0.37,115,7.9,55.9,32.5
R72,D,1159,0.64,335,14.7,57.9,20.5
R36,C,4156,0.4,288,27.4,35.9,111.9
R38,C,4438,0.23,69,4.9,28.7,76.1
R84,D,2724,0.61,237,22.2,34.9,82.0
R99,E,1364,0.79,131,21.2,33.3,78.0
R89,E,2517,0.42,412,4.7,27.0,16.8
R99,C,4317,0.21,251,27.8,44.3,102.4
R25,B,2559,0.27,457,17.9,39.1,42.8
R93,E,4051,0.3,181,12.2,54.6,43.4
R18,D,2386,0.35,86,23.2,21.3,246.7
R82,E,668,0.65,181,9.2,45.8,16.5
R66,D,3104,0.61,126,21.4,50.5,88.1
R54,C,450,0.69,138,3.1,50.4,4.9
R35,E,1434,0.41,451,25.5,55.4,36.4
R80,D,3084,0.8,302,14.5,49.2,35.7
R61,C,4464,0.27,393,19.8,57.1,44.4
R41,B,2646,0.5,243,8.2,33.3,30.9
R100,D,2550,0.78,225,21.0,40.1,67.0
R33,B,360,0.25,82,23.6,20.6,98.9
R68,B,3310,0.19,107,15.2,20.3,183.9
R33,A,4201,0.85,250,19.3,29.6,104.9
R14,E,1637,0.39,77,14.8,24.0,115.7
R21,D,1484,0.68,84,27.0,30.4,147.4
R48,B,4726,0.12,174,15.9,27.1,130.8
R20,A,1851,0.69,443,25.6,21.1,103.2
R8,C,4733,0.37,370,24.4,56.4,59.2
R7,D,1929,0.15,91,13.5,20.3,124.5
R67,B,1627,0.62,134,8.4,49.4,22.6
R17,E,1826,0.3,442,13.4,26.1,43.5
R33,A,1973,0.43,237,25.1,56.5,48.8
R48,B,1661,0.17,160,8.4,55.7,18.4
R76,E,1873,0.23,320,16.7,46.2,34.4
R59,B,2986,0.35,490,24.6,46.9,50.6
R86,D,4670,0.18,374,11.9,20.2,79.5
R22,D,2666,0.87,154,20.0,59.4,55.2
R30,D,4057,0.11,455,8.9,55.1,18.3
R38,A,2734,0.51,369,5.1,55.8,9.5
R51,D,2293,0.2,90,24.2,46.4,111.0
R54,E,1169,0.36,264,4.8,33.8,12.3
R8,B,1314,0.89,120,9.6,55.7,21.7
R27,C,2211,0.24,105,25.9,31.7,152.2
R27,E,902,0.92,456,11.7,42.5,19.8
R98,E,4121,0.27,285,29.2,24.0,178.6
R21,D,990,0.73,330,29.4,56.9,40.3
R30,A,793,0.56,154,9.5,25.6,33.7
R97,B,789,0.85,439,3.1,29.0,7.6
R28,A,2856,0.57,424,21.7,42.3,51.5
R64,B,4785,0.55,211,14.6,50.6,56.6
R97,B,594,0.27,240,4.8,44.8,8.0
R69,A,4327,0.24,58,21.8,29.3,377.7
R61,E,3143,0.88,109,2.9,20.0,33.8
R48,B,3212,0.38,430,26.4,50.3,55.0
R19,A,2017,0.42,354,5.9,59.4,9.4
R4,B,2896,0.75,274,5.6,52.4,13.2
R35,C,2173,0.39,356,6.9,38.4,17.4
R64,E,4963,0.91,237,28.9,56.2,95.5
R49,D,3558,0.73,119,21.4,36.4,140.7
R17,B,3117,0.61,342,24.4,41.0,68.3
R44,C,744,0.85,336,13.1,39.1,24.6
R92,D,3941,0.14,218,11.4,37.9,50.7
R30,D,4758,0.32,111,8.6,51.0,53.5
R93,B,1041,0.5,398,15.5,41.1,28.5
R46,A,2341,0.29,491,17.5,32.7,47.4
R6,B,979,0.73,63,19.7,30.3,99.6
R99,C,2767,0.88,213,9.2,21.5,59.0
R37,D,3997,0.46,469,28.6,43.3,73.4
R24,B,1658,0.39,294,6.8,29.2,21.9
R93,A,362,0.92,384,29.0,25.9,73.5
R46,B,2859,0.48,57,2.4,46.2,18.8
R53,E,4069,0.52,203,15.5,47.2,59.2
R95,A,4651,0.4,85,11.3,50.1,87.6
R99,C,434,0.87,97,14.6,40.1,31.6
R60,D,3944,0.58,134,18.0,55.8,76.3
R97,B,2435,0.75,77,14.2,57.5,61.7
R63,A,3578,0.79,245,13.6,52.3,38.4
R85,E,1122,0.39,495,22.5,45.4,36.5
R32,A,3374,0.47,257,21.2,32.1,91.6
R87,E,3281,0.82,253,25.3,59.3,58.8
R33,C,420,0.41,356,9.0,31.0,19.5
R67,D,1937,0.77,153,19.1,28.1,92.4
R18,C,1224,0.9,279,18.4,37.7,42.1
R25,B,944,0.63,475,12.4,22.3,40.0
R95,A,2332,0.73,150,15.6,59.1,40.5
R54,E,3061,0.78,78,10.8,43.5,73.4
R58,E,2368,0.82,176,6.0,42.3,20.0
R67,A,541,0.44,387,8.0,46.2,11.8
R46,A,2968,0.14,59,5.0,39.9,45.3
R24,B,1102,0.44,155,21.1,21.3,101.7
R32,C,4464,0.67,216,20.5,44.5,84.8
R47,E,495,0.48,306,28.6,48.6,41.0
R86,B,2487,0.74,344,22.4,36.7,63.1
R23,C,3815,0.4,326,3.5,50.3,9.1
R66,B,2630,0.64,114,26.8,29.1,182.7
R27,E,2659,0.26,320,26.2,28.9,99.6
R2,A,3906,0.74,437,14.4,26.5,61.7
R90,A,576,0.56,237,18.4,34.9,39.3
R17,C,360,0.27,366,29.3,53.9,35.8
R33,D,3690,0.35,453,16.9,53.1,34.7
R9,C,2213,0.74,187,27.3,35.3,101.3
R43,D,4227,0.51,392,4.3,43.6,12.3
R48,B,2891,0.28,154,7.3,48.8,25.8
R39,B,866,0.92,83,14.3,29.6,59.2
R93,E,4235,0.71,429,18.4,26.7,82.2
R42,D,1871,0.91,159,24.9,58.9,55.2
R26,E,1500,0.46,481,29.7,44.7,52.3
R99,A,4709,0.5,82,12.9,59.3,88.0
R50,D,3154,0.86,403,3.3,33.5,10.5
R25,C,3195,0.55,280,24.4,48.1,65.2
R24,A,1536,0.7,366,18.9,28.9,55.7
R13,A,436,0.31,315,7.6,30.4,17.1
R60,C,1329,0.48,231,15.9,40.5,37.1
R7,A,2456,0.2,389,22.8,32.8,68.0
R57,D,2894,0.28,114,23.6,26.7,187.7
R36,E,961,0.1,382,16.0,30.5,39.4
R45,A,2772,0.13,50,10.5,21.4,192.7
R20,D,2977,0.93,182,29.3,48.2,96.1
R65,B,2608,0.31,129,20.6,39.7,94.1
R8,D,386,0.66,320,13.4,23.8,37.9
R16,E,2812,0.81,290,9.9,26.9,43.5
R14,D,3242,0.57,77,22.5,24.1,291.9
R76,C,3073,0.23,272,8.8,44.5,25.3
R87,E,2804,0.72,72,6.8,23.8,83.9
R15,B,3610,0.61,158,16.8,50.2,66.0
R92,C,2000,0.72,156,10.1,20.8,66.5
R98,D,3970,0.75,194,19.6,30.0,119.4
R66,E,3000,0.93,418,5.3,55.6,9.8
R32,B,3929,0.59,403,20.3,48.7,49.4
R87,C,4890,0.39,446,9.9,22.9,54.4
R63,B,1947,0.65,447,2.0,52.8,3.3
R86,D,3618,0.16,188,5.6,39.7,24.8
R51,B,3987,0.86,333,28.1,53.9,68.7
R25,A,896,0.2,347,26.3,44.0,45.1
R58,C,4845,0.38,148,8.5,47.3,46.1
R63,B,784,0.79,366,23.8,59.7,29.0
R62,D,945,0.61,172,19.0,29.3,60.3
R22,D,3389,0.43,369,29.2,45.0,74.7
R58,B,4684,0.5,336,12.5,38.4,46.8
R58,D,1020,0.83,130,21.1,21.6,104.6
R86,E,798,0.39,59,3.8,20.6,26.0
R49,E,1973,0.84,57,13.1,24.8,141.4
R52,E,3367,0.17,454,29.0,46.0,65.9
R42,A,414,0.76,254,17.1,42.7,27.9
R70,B,3279,0.82,364,10.1,42.1,27.4
R15,A,2036,0.25,483,5.4,21.3,21.6
R54,D,3911,0.47,246,21.7,38.8,86.9
R60,A,2553,0.24,247,20.1,57.0,43.0
R97,D,2594,0.7,79,12.5,35.9,89.5
R8,D,3930,0.56,450,28.6,45.0,71.4
R53,C,446,0.64,69,2.6,51.2,5.0
R60,E,4282,0.27,97,10.5,51.4,66.4
R5,D,3753,0.28,179,27.8,40.8,126.6
R68,C,4807,0.14,342,11.0,54.3,29.2
R6,E,2710,0.37,434,9.1,35.7,24.8
R96,D,436,0.58,181,17.0,55.5,22.8
R94,D,3660,0.83,405,25.1,29.6,96.9
R47,A,3305,0.67,103,4.9,31.2,39.7
R99,A,3852,0.47,427,28.4,22.1,146.7
R55,E,318,0.91,330,24.3,51.8,30.9
R40,D,2542,0.71,436,7.1,36.7,18.4
R52,B,748,0.89,314,21.9,29.2,55.7
R16,A,2248,0.55,264,12.8,29.3,48.5
R13,E,1245,0.32,339,13.3,56.1,19.4
R30,D,4536,0.14,92,23.9,53.4,159.3
R19,D,2220,0.72,123,29.0,42.1,115.9
R17,B,3277,0.2,399,5.5,44.6,13.5
R63,E,4488,0.36,327,13.8,39.0,50.4
R19,D,4315,0.55,375,15.5,35.7,56.0
R92,A,538,0.58,291,12.5,56.6,15.7
R58,B,504,0.61,179,12.2,25.0,37.5
R55,E,2907,0.24,399,3.5,36.7,9.9
R90,B,4640,0.42,243,21.2,33.8,109.5
R90,A,3688,0.62,81,14.2,39.9,118.6
R62,E,3272,0.92,155,7.5,38.3,36.6
R23,B,4690,0.72,449,24.8,40.8,74.6
R9,C,2987,0.88,253,24.5,25.6,125.2
R12,A,4466,0.75,50,15.6,40.5,229.5
R1,A,1648,0.6,294,10.4,29.7,32.8
R58,A,4700,0.26,121,19.9,27.4,212.8
R1,C,1116,0.67,481,10.1,22.6,33.0
R34,C,1120,0.63,355,8.6,50.5,13.4
R96,D,492,0.61,446,22.5,37.1,40.4
R48,B,2076,0.52,64,3.1,45.1,17.5
R89,D,3945,0.55,102,4.7,49.1,28.0
R1,B,4924,0.38,477,2.2,47.2,5.7
R16,C,550,0.54,57,6.3,38.8,19.1
R61,C,2088,0.27,379,3.9,35.5,10.2
R64,D,4000,0.78,95,29.9,35.0,267.1
R63,E,2763,0.26,374,10.1,45.6,23.1
R69,D,1467,0.17,163,6.2,39.8,17.8
R22,B,4193,0.47,196,8.7,54.0,30.3
R93,D,1396,0.66,215,28.2,55.0,50.7
R67,A,2979,0.47,428,16.6,26.8,63.0
R76,B,2147,0.34,188,12.2,25.4,61.7
R26,B,4204,0.57,166,26.5,45.2,124.3
R16,E,804,0.39,348,13.1,32.0,30.2
R51,C,1921,0.89,325,11.4,20.7,52.6
R86,B,2772,0.88,453,7.8,55.5,13.6
R57,C,2846,0.53,326,12.6,29.1,48.7
R29,D,1687,0.38,387,10.9,57.2,16.4
R78,A,3294,0.73,362,21.0,48.7,49.4
R92,E,4116,0.13,227,10.1,50.5,33.8
R69,C,1017,0.5,379,18.2,28.1,49.3
R47,B,3784,0.39,403,3.8,29.4,15.0
R94,C,4734,0.88,203,7.4,40.9,36.2
R62,B,958,0.11,463,13.4,26.9,36.1
R69,C,4308,0.57,250,28.2,32.2,143.1
R76,B,4824,0.73,415,12.6,32.9,49.7
R16,D,4534,0.51,164,20.6,26.4,176.3
R90,B,4064,0.17,208,9.1,28.2,57.2
R90,B,3289,0.93,91,5.6,51.5,30.1
R48,A,4937,0.54,296,3.6,26.7,21.6
R85,B,2404,0.62,117,10.6,21.1,92.1
R39,A,1555,0.3,494,6.4,45.2,11.2
R100,E,2782,0.51,494,6.9,59.0,11.0
R33,A,683,0.46,375,23.3,33.2,49.8
R94,D,2907,0.16,383,2.4,24.7,10.3
R23,A,493,0.19,245,17.6,42.8,29.6
R10,E,4107,0.81,139,12.6,56.3,53.1
R69,D,4019,0.3,160,16.2,51.4,66.4
R100,C,2881,0.27,417,17.8,44.9,40.2
R34,C,2865,0.53,408,10.8,32.6,33.8
R52,A,3063,0.75,194,10.3,41.7,38.2
R95,A,3098,0.15,324,22.5,23.6,111.9
R10,E,2639,0.59,228,26.4,47.2,72.4
R19,E,3706,0.2,290,7.4,49.0,20.6
R58,B,1031,0.13,375,4.7,58.6,6.1
R96,E,3172,0.14,368,27.1,30.4,99.6
R1,B,3420,0.81,380,11.8,20.7,65.0
R69,D,4477,0.2,463,17.4,41.8,49.1
R4,A,2904,0.14,202,12.1,48.3,36.6
R16,D,2682,0.47,153,5.5,51.6,17.6
R24,E,831,0.82,124,18.5,27.7,66.9
R80,D,4616,0.32,177,16.7,30.5,118.5
R2,D,934,0.46,248,7.7,40.5,15.7
R92,D,2069,0.13,203,14.7,33.2,53.6
R32,E,4104,0.48,105,24.3,54.4,131.6
R91,D,2670,0.59,327,18.5,39.0,51.7
R84,B,302,0.59,394,4.7,52.0,5.8
R24,E,505,0.38,68,17.3,43.2,41.9
R12,D,4435,0.37,208,21.7,50.9,80.1
R50,E,2921,0.19,75,24.2,33.3,213.4
R35,C,3190,0.41,475,19.6,53.3,36.9
R33,B,3493,0.18,218,6.3,31.0,31.7
R33,D,2966,0.75,72,21.9,41.8,160.9
R61,C,3606,0.92,96,21.0,28.6,209.5
R51,C,1197,0.92,62,2.7,39.0,12.2
R43,E,1385,0.84,266,13.5,32.7,37.7
R12,C,1579,0.61,371,11.3,30.7,31.5
R67,B,970,0.7,243,20.7,58.7,29.6
R65,B,1805,0.34,193,8.1,26.4,35.6
R33,A,3875,0.64,122,18.5,51.5,90.0
R40,B,2255,0.49,205,27.6,59.4,58.5
R74,C,549,0.51,126,24.3,20.8,100.6
R43,B,2192,0.74,468,27.8,48.0,51.0
R44,E,3739,0.34,218,29.4,30.1,159.1
R29,A,2153,0.37,336,2.3,21.6,10.5
R13,C,3154,0.89,134,19.4,36.1,108.1
R12,A,1803,0.15,465,13.6,57.4,19.7
R95,C,3685,0.51,231,26.1,20.5,198.3
R46,E,3871,0.88,364,9.1,43.5,25.9
R2,A,4092,0.62,346,29.5,40.1,96.3
R35,D,3726,0.56,161,19.2,54.9,69.5
R87,C,343,0.31,499,24.2,23.4,66.3
R81,D,3912,0.39,279,4.4,47.3,13.4
R90,A,2918,0.82,145,7.1,47.2,27.2
R8,D,4978,0.58,487,23.2,46.8,60.1
R93,D,3463,0.54,217,2.6,57.7,7.0
R26,A,1588,0.18,427,24.9,52.9,38.7
R74,E,3242,0.11,205,2.4,21.7,17.1
R90,D,519,0.92,470,20.4,38.8,35.0
R34,D,2225,0.42,154,12.2,35.9,49.8
R7,E,3272,0.61,242,19.1,32.4,83.2
R68,D,3813,0.17,379,21.5,38.1,67.9
R58,D,2748,0.68,488,11.6,35.4,30.7
R75,D,3771,0.89,181,5.0,37.3,24.8
R29,B,3074,0.59,404,4.0,59.2,7.1
R36,E,1290,0.21,431,18.5,23.5,61.4
R89,D,3246,0.59,187,16.6,56.9,47.9
R21,E,2112,0.75,480,22.8,39.2,50.3
R36,C,1103,0.45,380,16.3,44.9,28.1
R10,C,789,0.85,319,13.8,53.2,19.4
R73,D,3856,0.65,87,13.1,34.4,124.1
R24,E,1793,0.86,445,2.7,37.2,6.1
R64,E,3945,0.63,94,11.4,36.4,97.7
R99,E,3191,0.21,450,29.3,35.0,85.8
R49,B,2005,0.36,212,26.5,57.0,54.3
R99,C,3816,0.27,499,11.2,53.2,22.3
R36,E,3640,0.87,380,18.5,24.4,89.1
R82,E,353,0.75,302,25.7,24.3,70.9
R96,B,2875,0.67,218,14.4,37.1,54.0
R24,B,3891,0.36,334,2.5,23.9,13.6
R23,E,915,0.26,323,4.1,44.8,7.0
R62,A,1254,0.74,69,16.3,25.7,107.2
R96,E,2733,0.5,288,29.1,40.9,83.2
R37,E,1929,0.29,319,21.4,20.3,101.5
R12,B,3081,0.62,467,4.0,32.7,12.2
R55,B,949,0.13,482,7.3,47.1,11.1
R13,E,2647,0.38,359,23.6,39.4,62.4
R23,E,4790,0.5,80,25.6,59.1,181.6
R89,E,3578,0.23,363,19.3,55.0,41.8
R99,B,2940,0.94,153,20.0,34.4,101.9
R30,E,4101,0.28,219,2.8,21.8,22.1
R17,E,2861,0.21,235,25.2,53.8,62.3
R62,D,3549,0.27,177,24.1,56.4,77.0
R84,A,670,0.75,259,9.3,52.8,13.3
R89,C,1157,0.46,463,21.8,25.1,65.1
R86,A,683,0.58,330,8.0,59.9,9.7
R13,D,4177,0.12,496,3.1,30.3,11.3
R59,C,2852,0.13,302,7.6,49.0,18.1
R19,E,4634,0.48,68,7.0,56.3,58.3
R49,D,4590,0.79,249,11.5,29.4,66.7
R100,E,3025,0.85,269,13.7,56.3,31.0
R12,B,4334,0.17,185,16.2,32.4,100.3
R61,D,3593,0.56,272,15.3,59.1,36.1
R19,B,4551,0.88,52,9.6,31.3,179.5
R76,D,4288,0.43,285,2.8,58.1,7.2
R9,D,1222,0.81,391,18.9,22.1,67.3
R71,B,3215,0.21,277,13.1,48.4,35.1
R28,C,3250,0.9,450,10.4,41.3,26.0
R78,A,3346,0.74,191,26.3,39.1,111.1
R95,E,1274,0.9,58,22.9,28.9,152.0
R52,D,1530,0.68,239,26.0,48.2,53.1
R83,E,2735,0.41,399,15.9,27.6,58.3
R16,B,2114,0.9,454,5.7,42.1,11.9
R69,E,3234,0.33,214,21.5,30.1,107.6
R99,B,1663,0.38,188,7.8,58.2,15.2
R12,E,4240,0.7,325,14.4,21.1,94.4
R25,A,503,0.75,340,3.8,28.0,9.3
R52,A,460,0.89,102,25.1,29.7,73.6
R85,A,4787,0.27,224,5.5,36.6,28.3
R100,A,1068,0.78,159,27.3,29.3,93.5
R53,A,4048,0.73,252,26.2,39.7,103.2
R23,A,2881,0.15,485,15.0,54.9,26.1
R16,B,1393,0.43,185,22.8,48.5,49.4
R57,D,4800,0.34,53,19.3,43.2,269.6
R39,E,907,0.36,204,24.5,23.6,90.0
R53,A,1840,0.94,221,14.1,47.8,32.4
R42,B,3175,0.65,473,24.0,26.7,90.1
R58,B,3491,0.71,407,14.9,51.5,32.2
R39,B,2137,0.93,96,28.3,30.0,182.6
R14,D,989,0.42,143,15.6,36.7,43.1
R95,E,4059,0.78,477,15.0,34.0,49.0
R5,D,3249,0.47,97,24.0,54.4,115.1
R35,C,2403,0.84,289,25.0,25.1,109.5
R87,B,665,0.25,396,17.5,42.6,28.8
R93,C,3875,0.91,262,7.0,25.7,40.5
R75,A,4850,0.29,485,15.1,48.2,37.6
R18,A,4499,0.38,389,29.1,56.2,67.0
R76,D,4472,0.74,373,23.1,37.4,81.5
R9,E,4625,0.43,188,24.7,39.5,129.8
R74,C,2678,0.62,254,2.9,57.1,6.3
R58,E,1505,0.48,430,15.1,40.8,30.0
R17,D,4139,0.73,122,20.1,39.5,134.1
R7,A,3035,0.29,53,25.2,43.1,236.0
R46,E,3647,0.15,125,3.4,47.6,16.8
R13,E,1975,0.35,378,25.9,24.3,97.4
R40,A,598,0.5,126,17.4,52.8,29.2
R42,C,1256,0.24,353,7.5,37.4,16.3
R9,A,1414,0.4,305,10.9,22.9,41.8
R50,E,2805,0.44,459,9.9,51.4,18.6
R27,C,1774,0.15,151,16.9,35.1,62.8
R66,C,4760,0.6,155,3.4,24.0,34.6
R5,A,4746,0.85,382,6.4,45.4,19.0
R29,E,4026,0.23,88,24.8,55.2,150.3
R37,D,3771,0.61,363,5.7,55.5,12.6
R38,E,3128,0.67,324,8.5,58.3,17.2
R83,B,3150,0.46,137,14.7,54.7,53.2
R8,D,2806,0.7,260,16.5,20.1,102.4
R65,C,4070,0.45,418,23.4,35.2,78.7
R86,D,3264,0.53,126,14.5,52.7,59.3
R17,C,4894,0.11,126,24.1,34.7,203.5
R71,C,1249,0.69,491,19.3,44.1,32.9
R89,D,4903,0.66,77,5.2,44.3,51.9
R45,C,3150,0.13,294,6.4,34.6,23.0
R4,C,465,0.41,115,14.2,56.2,21.3
R36,B,3786,0.93,315,13.1,40.1,43.2
R70,E,2809,0.46,431,22.8,38.6,58.5
R31,E,1219,0.53,254,18.3,59.9,27.1
R19,B,413,0.87,107,12.9,39.7,27.0
R61,D,3804,0.71,250,6.8,27.1,38.0
R54,A,1291,0.59,274,8.4,40.5,18.3
R39,A,4139,0.78,191,18.1,52.6,65.4
R91,A,1558,0.83,430,13.9,51.1,22.2
R74,B,3726,0.49,417,16.4,51.5,36.2
R90,B,814,0.5,133,6.8,48.3,13.6
R19,C,3496,0.43,192,20.6,30.2,115.4
R39,A,4734,0.92,401,25.9,54.5,62.2
R67,D,2884,0.69,82,9.2,55.7,44.8
R45,D,367,0.17,450,15.8,27.8,36.9
R13,A,1896,0.83,201,29.3,25.2,135.6
R92,A,4778,0.51,207,11.3,59.0,38.0
R58,A,318,0.16,495,18.7,54.7,21.8
R20,B,3030,0.57,190,4.5,55.7,12.6
R92,B,3821,0.45,495,19.0,55.5,36.4
R72,B,872,0.85,300,4.5,41.7,8.4
R61,E,2558,0.27,352,28.9,45.9,65.2
R39,D,3202,0.8,161,22.0,41.8,94.4
R1,D,950,0.57,193,24.1,22.0,98.1
R3,C,2887,0.15,499,21.7,49.8,41.3
R77,B,3562,0.93,258,18.5,40.2,65.7
R92,E,1638,0.54,273,14.6,45.9,30.5
R62,E,3934,0.35,92,26.0,40.1,205.3
R63,D,3127,0.5,313,28.8,39.7,87.0
R25,B,2517,0.83,293,16.0,26.9,66.3
R56,C,3839,0.36,52,28.1,31.1,454.4
R33,B,1337,0.26,174,18.3,26.4,73.5
R38,A,4683,0.21,317,17.1,27.8,91.4
R6,B,4278,0.35,133,14.7,58.9,63.1
R58,A,3261,0.76,65,7.9,26.1,109.3
R44,A,3526,0.5,383,2.1,30.8,7.9
R45,C,1398,0.29,108,8.8,43.6,27.8
R32,D,2624,0.24,226,16.3,44.4,47.6
R45,B,1239,0.38,112,12.6,26.2,60.8
R61,A,4016,0.9,495,14.6,51.7,30.7
R47,B,3714,0.39,98,29.5,51.4,164.9
R21,D,1748,0.94,356,11.8,29.5,35.8
R80,D,870,0.51,295,14.7,31.5,36.3
R85,E,3204,0.25,338,5.7,57.5,11.6
R75,D,2805,0.86,335,3.3,53.0,6.9
R36,C,1217,0.49,492,23.7,47.9,37.0
R99,A,2174,0.7,381,18.0,23.3,72.8
R19,E,1978,0.94,64,23.3,36.7,155.8
R20,C,915,0.14,387,6.2,42.4,10.8
R57,B,4801,0.18,304,18.0,27.5,101.3
R18,A,2049,0.71,141,9.1,37.9,35.3
R47,D,4125,0.34,328,8.4,44.0,25.9
R49,A,4488,0.26,255,2.3,33.1,11.5
R14,B,2777,0.13,143,5.6,51.2,19.3
R15,E,3805,0.12,274,10.7,53.6,28.6
R31,E,3775,0.76,350,5.3,32.9,20.1
R1,E,4829,0.21,367,29.6,53.5,76.9
R54,D,1435,0.5,248,10.6,24.1,41.7
R3,C,4300,0.62,320,5.6,53.5,14.7
R16,C,674,0.46,283,7.6,26.1,21.6
R87,A,506,0.12,95,18.5,23.3,73.0
R57,D,1619,0.77,113,3.8,45.7,12.1
R75,E,1441,0.11,279,26.1,38.9,61.0
R12,E,4927,0.75,479,28.9,56.3,62.5
R74,B,2990,0.86,489,8.9,34.5,24.9
R96,B,3555,0.47,298,14.6,31.5,61.0
R16,E,389,0.56,295,2.6,40.0,4.4
R72,E,4408,0.51,477,19.9,38.2,60.1
R76,D,3320,0.43,124,13.6,33.8,88.8
R24,C,2157,0.85,206,9.6,47.7,24.7
R28,B,1104,0.86,272,7.8,50.4,13.1
R8,C,1244,0.39,239,20.3,54.1,34.2
R92,D,3089,0.62,101,13.7,58.9,56.6
R36,E,4175,0.89,487,7.0,30.7,25.4
R90,C,1910,0.92,137,21.3,48.6,63.0
R8,E,3223,0.53,362,17.8,35.8,56.4
R58,E,4182,0.48,388,26.0,47.1,68.8
R60,A,3521,0.34,115,5.3,39.0,33.1
R50,C,4691,0.92,199,24.0,59.8,80.8
R28,C,2687,0.22,69,20.9,49.2,124.7
R92,E,1241,0.59,82,5.2,58.1,13.5
R41,D,2866,0.34,377,21.5,53.4,42.5
R100,A,1275,0.34,330,14.4,56.1,21.4
R64,E,1254,0.44,95,28.5,52.6,75.4
R27,B,1562,0.95,122,6.0,38.4,21.4
R63,B,1243,0.15,403,20.0,30.1,52.2
R17,A,2502,0.59,362,12.7,34.8,37.0
R73,D,3627,0.17,392,28.8,20.8,159.9
R33,E,4574,0.23,182,11.2,41.0,57.6
R84,C,2559,0.47,104,28.9,40.2,149.3
R77,A,2128,0.53,110,27.2,41.0,116.8
R92,D,1557,0.32,394,9.6,59.0,13.6
R29,C,764,0.37,57,24.5,56.5,60.9
R13,B,3594,0.17,321,29.9,26.5,143.5
R46,B,1530,0.36,295,9.1,34.8,23.8
R35,C,2954,0.92,225,14.2,37.0,53.3
R6,A,1184,0.9,165,16.6,34.4,49.7
R82,B,4105,0.38,366,10.3,51.9,25.3
R69,E,4156,0.59,320,2.4,41.0,8.1
R47,C,3435,0.87,242,8.2,42.9,27.7
R25,C,1224,0.11,199,9.9,54.1,17.7
R66,B,4889,0.79,180,14.4,52.2,61.5
R10,A,1846,0.91,151,6.8,25.3,35.8
R56,E,1394,0.18,359,26.5,48.6,45.4
R30,A,2711,0.24,319,21.7,37.4,64.4
R5,D,2917,0.92,341,4.4,31.8,15.4
R33,D,1062,0.56,259,20.2,22.0,77.7
R65,B,2623,0.11,410,20.3,39.5,50.6
R18,B,4445,0.32,387,28.8,34.2,108.6
R96,B,3075,0.48,116,2.1,30.1,15.3
R49,D,4959,0.69,59,8.9,47.8,105.1
R11,A,3455,0.72,98,28.0,50.8,149.7
R85,A,4270,0.95,160,28.1,29.8,207.6
R26,B,2340,0.34,370,22.2,22.0,98.8
R63,E,883,0.56,268,23.4,54.0,34.6
R89,A,4631,0.55,106,4.6,20.4,72.6
R86,D,2403,0.44,332,16.4,57.5,29.5
R59,C,2242,0.24,162,8.5,45.1,27.0
R27,C,4755,0.93,182,7.1,32.9,46.8
R49,C,409,0.83,120,24.7,29.9,66.5
R77,E,491,0.52,132,5.8,20.4,23.4
R33,B,1203,0.61,106,15.1,29.4,65.8
R98,D,1161,0.29,425,28.3,25.5,84.8
R99,E,1383,0.56,398,7.2,44.5,13.1
R1,D,949,0.69,320,29.4,26.7,85.7
R21,D,4434,0.54,160,29.8,41.1,164.1
R55,B,3911,0.94,406,17.6,43.6,47.6
R6,C,936,0.62,424,6.8,31.9,15.6
R92,B,1336,0.42,125,10.9,21.4,63.2
R81,E,4431,0.76,207,13.9,21.5,121.8
R69,E,2448,0.24,69,10.7,21.1,138.4
R95,E,4165,0.43,470,9.9,49.6,22.6
R5,B,3457,0.39,180,29.2,32.7,156.5
R3,D,3887,0.47,378,6.3,51.9,14.8
R53,D,3594,0.76,171,22.5,37.3,112.3
R23,A,4561,0.51,90,2.0,38.1,19.1
R53,E,2730,0.77,216,18.7,40.5,62.7
R37,D,2179,0.59,459,27.6,48.5,50.4
R74,A,4266,0.39,179,10.1,30.9,66.4
R74,D,4013,0.79,72,7.2,24.9,114.0
R83,E,4426,0.3,328,20.2,42.2,67.5
R17,C,4406,0.29,300,22.0,33.1,98.4
R85,E,2311,0.53,449,21.3,37.7,51.3
R78,B,3673,0.32,58,10.9,45.9,104.5
R73,D,2443,0.11,62,9.1,39.8,67.8
R1,D,2800,0.65,461,28.8,44.8,62.0
R51,B,4881,0.53,460,27.9,41.8,82.5
R45,B,1589,0.48,356,14.8,49.6,25.9
R77,C,1747,0.92,369,25.7,48.2,47.1
R4,D,3499,0.59,101,14.7,41.4,95.1
R62,D,2243,0.83,258,13.9,47.2,33.0
R65,C,3483,0.22,87,6.4,54.9,35.0
R32,A,3516,0.58,149,13.9,37.3,75.1
R34,C,3436,0.84,242,17.0,36.5,67.6
R92,E,3618,0.6,451,2.6,50.6,5.6
R95,D,3082,0.71,240,14.4,43.3,45.6
R72,B,1290,0.42,100,23.9,22.8,144.0
R39,E,2453,0.18,442,21.0,55.7,35.2
R26,D,525,0.49,190,19.8,21.2,71.5
R34,C,1076,0.44,217,27.5,49.9,49.5
R54,E,3137,0.84,360,2.5,50.4,5.6
R3,D,987,0.31,158,17.6,58.1,29.5
R50,A,829,0.92,256,24.0,22.2,85.9
R12,A,3742,0.91,476,17.2,43.9,42.0
R65,B,2453,0.31,349,11.1,37.1,30.6
R54,D,1594,0.4,159,5.8,33.2,21.0
R5,A,1826,0.86,245,26.9,23.6,119.4
R94,C,3196,0.92,466,15.2,42.5,36.2
R94,D,3403,0.48,201,26.6,39.2,109.6
R57,C,2740,0.37,469,18.4,24.2,72.3
R17,C,4435,0.55,292,20.9,44.5,71.0
R47,A,4102,0.68,177,24.5,49.5,98.5
R23,D,1144,0.33,154,20.5,50.7,42.3
R79,E,746,0.73,59,13.1,56.2,31.7
R85,A,4215,0.14,405,16.4,36.4,55.2
R14,A,3409,0.14,197,24.5,58.1,69.1
R66,D,1534,0.43,414,12.5,54.6,18.8
R75,D,526,0.4,413,12.9,31.9,27.4
R51,C,4443,0.37,189,4.7,26.4,35.8
R38,D,3259,0.52,239,27.6,37.4,104.7
R64,C,2130,0.37,451,4.5,36.1,11.0
R98,A,4079,0.26,143,20.1,43.0,108.0
R38,B,486,0.36,278,13.6,43.3,22.1
R50,E,3177,0.93,112,13.4,50.0,61.7
R98,A,2835,0.45,389,21.0,40.4,53.9
R82,D,2232,0.48,74,3.9,24.2,38.8
R30,E,3224,0.59,317,18.6,54.3,41.5
R79,B,1148,0.94,454,23.6,32.4,54.8
R91,B,2332,0.31,330,25.2,58.9,43.8
R51,C,1552,0.68,60,6.8,24.7,59.2
R63,E,2181,0.71,369,27.1,58.3,44.4
R98,C,569,0.62,250,20.4,23.6,63.7
R52,A,1930,0.18,175,26.7,29.2,115.4
R38,E,4705,0.68,355,15.6,21.9,99.4
R97,A,3503,0.15,239,17.2,48.2,52.8
R88,C,1874,0.61,138,27.7,54.0,72.6
R79,E,3192,0.73,404,27.2,37.4,78.1
R30,C,1995,0.28,165,14.5,57.1,33.7
R51,E,3558,0.82,401,9.7,43.6,25.2
R81,C,3562,0.13,226,13.0,45.2,44.5
R5,B,1745,0.82,63,12.9,53.8,54.2
R29,C,519,0.49,306,10.0,31.9,22.0
R4,B,352,0.28,258,9.5,34.2,18.9
R10,C,2057,0.21,330,26.1,56.2,45.2
R56,E,1966,0.91,492,4.0,56.0,6.0
R17,E,3085,0.16,377,21.0,59.1,38.8
R74,E,1019,0.27,374,6.8,56.1,9.3
R17,D,705,0.4,438,11.6,25.1,32.2
R84,A,2594,0.63,154,3.7,52.9,11.3
R88,E,371,0.56,196,9.6,36.4,18.8
R69,B,2353,0.21,328,23.5,59.6,40.6
R34,E,1529,0.35,58,26.8,38.9,150.3
R6,D,1867,0.3,167,8.2,42.2,24.7
R53,B,3982,0.28,143,15.0,41.2,82.7
R66,D,3253,0.45,483,15.2,32.9,46.4
R77,B,4782,0.7,193,26.5,23.0,240.4
R43,C,998,0.28,338,23.4,55.8,32.6
R75,A,1126,0.41,435,16.4,52.1,23.8
R23,A,648,0.43,63,20.8,25.6,98.9
R55,D,4208,0.93,306,25.7,51.1,71.7
R80,A,607,0.91,395,2.3,45.0,3.5
R95,D,3716,0.78,235,13.3,36.4,56.6
R75,D,2634,0.31,394,27.4,30.2,90.8
R16,D,3109,0.16,449,22.7,54.4,42.4
R8,A,3858,0.37,256,17.2,48.0,53.9
R4,D,4778,0.33,395,16.8,41.9,53.2
R4,A,3777,0.53,480,11.7,44.4,28.3
R56,D,4920,0.76,221,16.6,23.6,136.2
R25,E,2986,0.83,319,20.4,39.0,60.8
R67,D,3285,0.82,270,13.7,27.7,65.8
R96,B,575,0.41,201,22.0,28.3,60.0
R67,D,2847,0.68,160,26.1,46.5,93.6
R27,C,3064,0.37,232,6.3,56.5,15.5
R93,D,636,0.15,448,14.6,36.2,27.6
R32,B,2273,0.7,388,13.4,28.3,45.1
R50,B,3279,0.11,121,21.2,45.9,102.8
R61,A,4876,0.45,467,9.0,54.8,20.1
R51,E,4268,0.38,435,19.9,49.9,47.4
R19,D,1210,0.69,332,26.6,54.8,39.7
R21,A,2296,0.75,123,13.7,41.5,56.8
R5,E,3429,0.36,404,27.5,50.1,60.9
R82,D,4504,0.79,264,29.8,25.6,189.0
R92,C,4057,0.35,377,5.0,33.9,18.4
R42,D,627,0.48,72,8.5,35.6,26.8
R61,B,2099,0.72,117,28.6,40.5,118.4
R22,B,614,0.69,447,28.8,57.2,34.4
R21,C,3845,0.94,496,4.7,55.0,9.1
R70,A,1434,0.29,422,2.4,25.4,7.6
R1,E,3046,0.66,411,6.5,26.9,25.2
R5,D,1820,0.62,142,29.9,34.3,119.3
R12,B,455,0.88,370,7.0,31.6,14.9
R90,A,2024,0.23,373,16.1,44.6,33.4
R46,C,3643,0.74,433,25.8,56.1,50.8
R34,B,1186,0.58,112,2.6,58.5,5.5
R49,C,3373,0.33,273,18.9,46.1,55.0
R78,D,3105,0.5,274,9.8,53.5,23.4
R90,E,1021,0.38,418,26.1,41.0,47.5
R45,B,1212,0.59,395,9.9,28.3,27.4
R27,B,3657,0.86,386,21.2,41.0,60.4
R73,D,1170,0.58,152,20.9,42.2,52.6
R26,A,4408,0.64,264,8.2,49.7,26.4
R47,E,797,0.54,241,3.0,28.8,8.3
R86,B,2056,0.14,209,13.5,34.7,46.3
R56,E,1417,0.3,421,10.1,34.6,23.4
R94,B,3709,0.52,256,24.7,58.4,62.1
R63,E,3128,0.36,318,24.4,37.8,76.8
R48,C,1947,0.25,243,14.8,50.2,31.9
R61,B,3283,0.53,429,19.0,50.0,40.2
R81,E,442,0.37,452,18.9,30.6,40.7
R26,A,3061,0.32,201,25.2,42.9,88.9
R36,C,3735,0.49,286,13.9,55.8,34.5
R1,C,4960,0.21,137,9.7,39.0,69.0
R8,A,2731,0.89,60,9.4,57.8,54.2
R99,E,4812,0.84,236,17.0,28.6,108.4
R52,D,2148,0.7,263,14.6,23.0,69.2
R79,A,2996,0.19,64,14.3,55.7,87.5
R47,E,2017,0.76,315,4.6,53.9,8.4
R56,A,3372,0.79,346,22.1,59.7,43.9
R86,A,1367,0.75,460,8.0,47.2,13.2
R14,B,3086,0.2,493,7.5,57.5,12.7
R90,E,4091,0.65,122,13.6,53.1,66.9
R28,D,1588,0.81,101,8.4,53.8,24.1
R87,B,4171,0.59,177,18.3,42.8,86.1
R78,A,2106,0.65,77,12.4,35.3,78.7
R88,A,1804,0.49,114,14.6,57.4,39.4
R2,A,3608,0.55,66,17.0,37.3,176.8
R26,E,3251,0.13,400,7.7,41.6,20.1
R14,E,371,0.64,477,6.4,37.8,10.9
R59,B,1990,0.17,187,26.7,42.6,77.6
R56,D,1644,0.47,368,14.1,38.8,31.5
R7,B,3603,0.35,278,13.5,21.9,84.9
R3,C,3413,0.56,303,3.0,55.3,6.9
R23,A,1182,0.21,259,15.9,37.8,36.8
R18,A,4534,0.69,480,17.5,43.6,46.8
R38,A,2962,0.78,343,17.6,25.6,76.9
R99,B,1804,0.24,280,21.8,20.1,107.0
R15,B,2763,0.19,290,7.0,29.8,27.5
R64,A,2853,0.22,119,9.1,48.2,38.5
R89,B,1032,0.85,153,24.7,24.0,103.4
R28,E,2048,0.55,253,28.5,56.4,54.9
R74,E,4224,0.5,102,5.8,28.6,62.6
R39,B,723,0.19,477,15.9,28.2,39.0
R57,A,3778,0.65,424,8.0,27.3,33.2
R17,B,1891,0.84,379,3.7,20.6,16.2
R86,B,4785,0.8,103,11.1,50.9,73.9
R90,B,4737,0.63,325,6.0,55.0,16.1
R44,C,792,0.16,384,21.9,44.6,35.5
R25,E,491,0.2,80,16.9,27.5,59.5
R17,D,798,0.14,184,6.0,31.4,16.4
R13,D,1556,0.32,107,2.3,39.0,8.7
R84,C,2268,0.22,154,24.6,58.2,62.7
R25,B,4622,0.32,315,6.9,29.9,34.2
R68,C,2486,0.43,59,19.0,49.3,120.6
R10,C,1116,0.9,302,11.4,37.6,24.9
R67,A,3520,0.62,344,18.4,31.9,70.0
R18,E,1773,0.81,205,10.8,38.2,31.6
R100,D,1386,0.7,207,4.4,22.8,19.3
R86,B,4499,0.2,86,8.2,51.9,59.1
R34,D,2174,0.73,168,7.3,29.7,33.8
R8,D,1170,0.33,116,14.0,49.0,34.4
R40,E,2342,0.64,291,20.4,22.7,97.3
R83,D,572,0.39,348,9.4,58.2,11.3
R42,D,1329,0.95,262,2.3,27.7,7.5
R41,C,3518,0.32,357,16.5,55.3,35.5
R6,E,4369,0.34,150,19.0,52.4,85.1
R52,A,1351,0.89,105,29.0,58.7,67.8
R26,B,4333,0.12,381,18.5,39.1,60.7
R64,D,1873,0.69,373,15.2,49.1,27.9
R98,B,3490,0.72,288,18.1,34.8,69.0
R59,A,4688,0.81,442,28.0,27.4,126.3
R56,B,4097,0.93,280,25.2,37.7,98.8
R59,A,3589,0.93,411,11.0,26.6,46.5
R70,C,4047,0.16,430,8.6,59.3,16.9
R33,D,2405,0.8,141,9.4,23.8,64.1
R53,A,607,0.65,328,16.1,43.6,26.3
R22,B,3659,0.65,496,22.8,45.1,52.7
R21,D,3476,0.21,158,16.1,41.5,74.5
R70,C,1551,0.65,366,3.9,46.5,7.2
R70,D,3047,0.94,217,22.3,24.6,130.8
R4,A,1817,0.88,349,24.6,42.2,53.2
R94,C,1678,0.47,457,10.1,31.5,26.3
R75,B,2261,0.13,484,20.6,57.6,31.5
R62,C,4605,0.41,491,13.9,50.5,32.0
R62,C,3163,0.8,267,26.9,58.9,59.9
R94,E,2956,0.7,271,25.7,21.5,150.0
R95,C,2794,0.49,210,16.7,31.4,74.4
R24,C,4867,0.15,65,21.4,27.8,392.0
R55,D,4305,0.46,327,26.7,20.4,181.9
R9,B,3863,0.5,106,15.9,29.7,149.2
R3,D,1222,0.89,111,10.8,47.2,28.8
R31,D,4532,0.64,412,23.1,29.2,99.7
R40,A,4762,0.36,376,8.2,40.4,27.6
R36,D,3259,0.55,291,12.9,55.5,29.6
R24,E,483,0.16,139,26.2,47.8,44.3
R95,E,3658,0.93,121,22.3,35.8,150.4
R6,A,1698,0.41,375,13.3,34.9,33.2
R66,B,3096,0.51,79,8.0,38.2,61.8
R84,B,836,0.4,408,12.0,27.1,32.0
R92,D,1573,0.68,456,10.0,45.4,17.8
R75,D,3267,0.66,337,6.9,34.6,23.6
R4,D,3349,0.71,135,22.8,54.1,88.0
R79,B,1396,0.33,283,9.1,50.3,16.2
R6,C,1605,0.37,284,14.7,44.4,31.1
R94,E,1215,0.21,362,12.8,34.6,29.6
R51,C,3381,0.66,414,29.5,28.4,113.2
R62,C,4547,0.13,314,13.0,51.0,37.4
R57,B,1328,0.61,336,4.2,39.5,8.9
R66,C,2277,0.84,376,4.5,29.0,14.9
R79,A,3654,0.86,442,18.5,27.8,72.9
R75,D,2811,0.48,318,18.8,26.6,79.9
R8,A,570,0.49,235,13.7,51.1,20.0
R26,E,1486,0.17,180,14.1,29.2,52.9
R51,D,4855,0.67,340,3.5,41.1,12.4
R45,C,4500,0.8,326,16.5,38.1,61.9
R44,E,4064,0.31,369,16.1,43.2,47.0
R5,D,2698,0.46,400,6.2,55.1,11.3
R70,C,4829,0.81,229,4.9,54.7,16.7
R26,A,4535,0.85,339,5.5,38.0,20.3
R68,D,4482,0.31,426,4.8,20.6,28.7
R19,C,2011,0.57,212,19.1,37.1,60.2
R84,A,2530,0.26,320,7.5,44.2,18.2
R97,E,428,0.19,425,9.0,42.3,14.1
R20,E,1569,0.87,145,6.9,46.1,18.7
R12,E,3972,0.8,311,28.8,26.2,150.2
R47,E,1901,0.75,414,25.9,45.9,49.4
R1,B,4270,0.14,402,8.5,27.3,38.5
R90,D,4544,0.82,337,11.2,50.0,31.6
R14,D,927,0.47,485,7.9,33.6,16.8
R64,B,4097,0.39,132,15.8,48.4,80.4
R38,C,2344,0.56,274,2.5,21.9,12.7
R37,C,3852,0.18,461,20.8,36.3,63.1
R11,E,2641,0.74,272,16.6,48.2,40.7
R100,A,3514,0.6,167,27.2,29.1,174.1
R77,C,549,0.26,241,6.6,51.8,9.4
R3,A,3225,0.26,128,24.5,45.2,114.5
R33,D,1274,0.26,127,24.2,43.5,66.9
R6,A,1625,0.15,196,5.6,34.1,18.0
R50,D,1283,0.6,156,13.2,39.3,36.7
R10,B,1188,0.81,431,6.8,43.9,11.9
R5,B,3237,0.11,320,9.1,38.9,28.2
R23,E,2417,0.14,439,9.4,47.9,18.3
R10,C,2972,0.59,293,17.6,37.3,57.0
R44,E,1626,0.8,122,13.5,28.1,67.2
R2,D,770,0.38,406,28.5,28.6,71.1
R13,E,2287,0.4,403,5.5,20.2,25.6
R40,A,390,0.61,471,29.3,32.0,59.5
R2,D,829,0.33,75,8.5,50.0,21.5
R84,B,4359,0.12,259,23.6,51.8,73.3
R65,C,3073,0.72,141,11.5,28.1,78.1
R63,D,1986,0.63,174,6.0,58.4,13.2
R73,D,491,0.59,484,26.0,40.1,42.8
R17,A,2286,0.73,122,10.6,56.7,32.2
R9,C,3923,0.67,172,20.4,48.3,83.1
R75,B,2485,0.27,358,17.9,48.9,37.2
R15,D,4740,0.4,233,15.2,23.4,118.3
R24,D,1308,0.21,236,15.9,28.8,51.5
R38,A,4083,0.21,247,22.5,20.4,175.6
R35,E,4598,0.67,127,4.5,48.6,25.7
R94,B,4968,0.83,397,20.7,33.8,82.7
R95,C,4587,0.92,235,27.1,51.5,93.2
R49,D,2352,0.63,393,3.6,33.6,10.3
R69,D,3608,0.26,302,5.9,52.8,14.7
R62,B,2016,0.19,62,22.1,25.2,223.7
R60,E,610,0.79,348,14.2,26.9,37.2
R50,D,4838,0.59,125,13.3,33.6,115.7
R78,B,1560,0.63,100,5.8,36.3,24.5
R75,A,4232,0.76,324,16.2,33.9,66.1
R9,E,3568,0.7,198,5.5,50.5,18.3
R34,C,884,0.81,268,15.3,23.9,51.1
R76,D,3099,0.15,171,23.4,34.0,116.1
R99,B,659,0.74,260,9.2,53.5,12.9
R35,A,3166,0.82,329,15.5,22.7,80.4
R1,C,2311,0.34,75,29.8,57.7,126.5
R40,B,4306,0.64,222,21.2,59.5,62.8
R64,B,1925,0.37,205,25.6,23.5,126.7
R22,C,3064,0.91,287,13.6,31.7,53.2
R60,A,1190,0.13,425,23.5,34.9,51.7
R64,A,1031,0.59,131,3.1,51.1,6.5
R93,E,4261,0.24,405,5.4,43.8,15.2
R72,D,2804,0.71,462,7.7,45.8,16.2
R11,C,914,0.25,322,13.3,50.3,20.4
R14,C,4106,0.3,117,25.7,24.7,281.5
R60,C,2019,0.52,93,11.7,53.3,41.8
R30,A,1887,0.88,110,20.3,48.2,68.6
R35,D,1911,0.28,172,21.9,43.1,64.4
R85,E,1196,0.22,398,18.4,55.6,25.8
R37,B,577,0.75,245,12.0,48.0,18.5
R5,B,4947,0.53,379,18.2,28.1,89.6
R83,C,1936,0.88,458,11.6,37.2,26.6
R78,D,2458,0.22,372,4.3,39.8,10.8
R26,A,2732,0.65,160,29.8,22.2,218.1
R62,D,4204,0.3,307,5.6,58.2,13.7
R4,D,3562,0.23,138,4.0,25.1,34.2
R89,A,1749,0.68,482,26.6,47.9,45.4
R42,C,4800,0.6,247,10.5,40.2,46.1
R89,D,1532,0.74,331,20.2,21.0,84.4
R18,B,4417,0.36,249,11.2,57.0,32.7
R40,A,977,0.48,148,13.0,54.1,23.9
R72,E,2958,0.44,76,9.3,41.0,66.6
R39,C,2328,0.94,138,11.6,29.2,64.0
R14,A,4058,0.35,195,13.5,24.9,100.2
R32,E,4924,0.35,231,22.2,34.5,120.9
R51,E,2337,0.4,306,16.3,30.2,57.1
R38,D,2949,0.58,238,28.4,40.3,94.7
R97,D,956,0.31,289,3.2,58.7,4.4
R23,D,465,0.88,408,16.1,43.0,25.0
R63,A,4891,0.33,436,18.4,55.6,42.1
R15,A,889,0.86,245,27.8,46.0,49.4
R97,C,4824,0.19,346,3.4,39.0,12.5
R25,D,3121,0.66,214,18.1,54.2,49.3
R17,E,4558,0.87,356,25.9,38.9,91.1
R97,B,1562,0.24,320,8.8,54.7,14.4
R66,C,371,0.92,57,26.5,31.7,82.8
R78,A,3816,0.48,87,2.5,25.2,32.1
R53,C,3880,0.9,163,22.5,54.2,84.2
R51,C,568,0.68,388,28.1,43.5,44.4
R39,C,2076,0.36,105,20.4,55.6,65.5
R51,C,2762,0.26,480,14.3,57.5,23.5
R70,B,1568,0.36,408,3.3,22.1,12.4
R6,D,1315,0.18,187,27.8,40.0,71.0
R67,E,3022,0.22,151,15.2,35.0,78.2
R7,C,1383,0.19,383,2.8,45.0,5.1
R51,C,4401,0.46,226,21.3,51.7,72.9
R72,C,706,0.78,218,15.5,31.2,39.5
R42,D,3376,0.22,388,5.5,42.3,14.6
R64,A,1285,0.21,335,8.0,48.3,13.7
R15,A,3903,0.65,310,3.8,25.4,20.3
R29,B,4785,0.27,424,18.1,52.6,43.9
R33,A,1009,0.18,272,19.4,44.2,36.1
R94,C,2918,0.24,248,16.2,58.0,36.5
R27,C,1711,0.89,260,24.9,33.6,73.7
R36,C,4921,0.8,336,26.1,24.3,158.8
R29,B,1785,0.4,229,19.2,40.3,50.9
R38,C,3250,0.66,299,2.4,23.4,12.8
R57,A,4951,0.56,280,21.5,58.8,60.7
R97,D,3234,0.68,72,13.7,21.5,210.0
R27,D,4414,0.68,97,17.8,50.1,118.3
R55,E,4970,0.63,158,20.2,41.0,122.5
R33,A,1303,0.33,345,11.8,34.7,28.1
R68,C,2766,0.13,55,27.7,22.6,443.4
R86,D,2766,0.49,87,5.8,44.9,32.4
R66,A,2238,0.86,218,20.8,43.4,58.3
R10,D,2239,0.58,405,2.1,31.2,6.3
R5,C,1935,0.81,332,27.9,56.4,47.0
R74,D,1998,0.94,252,5.2,32.2,17.4
R97,E,4827,0.24,374,4.7,38.0,17.0
R38,E,2391,0.69,362,11.3,41.8,26.9
R13,D,2195,0.67,322,12.5,24.0,52.6
R31,A,4540,0.93,293,8.0,57.3,21.4
R47,A,3698,0.94,376,18.4,35.0,62.6
R100,A,1373,0.68,96,14.4,23.2,90.5
R88,D,2702,0.31,298,3.0,35.5,9.7
R52,A,3512,0.78,128,11.0,44.0,56.2
R56,C,4337,0.19,159,24.7,40.5,136.4
R15,E,1451,0.76,62,21.3,47.8,89.3
R29,C,2745,0.87,444,22.3,22.2,97.5
R8,A,2256,0.43,429,21.5,31.4,62.7
R5,C,4858,0.64,414,10.7,52.8,26.4
R29,A,4207,0.47,139,4.8,23.2,50.0
R47,D,1107,0.47,391,9.6,54.2,13.6
R68,C,486,0.36,397,25.3,23.7,71.9
R76,D,4824,0.75,329,29.5,53.4,81.7
R45,D,1607,0.9,270,15.8,34.4,44.0
R2,B,2584,0.9,122,2.3,44.5,9.7
R27,A,1057,0.25,283,5.9,26.1,18.6
R95,E,4531,0.84,309,11.0,22.6,72.0
R36,A,4154,0.73,162,18.2,28.6,136.1
R36,E,4566,0.31,95,4.1,25.1,56.9
R26,A,2506,0.16,323,28.4,32.5,93.1
R43,D,3858,0.33,92,12.2,40.6,93.6
R27,C,1880,0.88,257,27.6,43.6,65.8
R69,C,1261,0.64,466,23.9,51.6,35.3
R20,B,4147,0.71,398,23.2,46.2,61.5
R11,E,3875,0.32,152,19.0,44.4,91.1
R74,E,1175,0.71,173,19.5,36.5,53.8
R38,E,2718,0.12,59,19.9,39.0,171.7
R6,D,4498,0.42,378,19.6,36.6,70.4
R72,E,1301,0.63,236,17.5,53.7,30.3
R23,C,3684,0.22,80,29.6,29.2,340.9
R47,D,4366,0.8,205,22.5,20.2,209.2
R90,A,3145,0.3,109,23.8,46.1,120.4
R46,E,1781,0.65,298,26.4,28.1,90.1
R12,E,3601,0.44,436,8.0,55.6,15.8
R90,A,957,0.61,423,4.3,54.4,5.8
R13,E,3080,0.19,488,15.5,23.1,65.7
R62,A,722,0.11,319,16.4,24.3,49.7
R82,D,3981,0.87,491,25.2,39.8,68.8
R89,C,4566,0.33,266,14.4,44.4,52.9
R97,A,3010,0.8,448,18.0,31.0,58.2
R60,B,752,0.95,51,16.8,48.7,51.2
R43,A,2697,0.28,73,3.1,43.8,19.9
R76,E,2275,0.33,255,19.2,33.0,66.1
R100,D,1957,0.66,369,25.2,21.0,110.2
R68,D,2841,0.92,248,6.4,50.0,16.5
R5,A,3375,0.88,405,18.6,28.6,71.5
R37,C,3464,0.53,163,18.6,53.4,65.3
R72,B,3266,0.78,329,6.6,36.8,21.4
R92,D,2353,0.22,204,5.5,43.1,16.5
R31,E,587,0.93,214,29.4,54.9,40.9
R9,E,3517,0.92,271,13.0,54.5,32.9
R51,C,4154,0.24,140,8.4,34.9,57.3
R29,D,1747,0.35,216,6.8,28.4,26.0
R78,A,907,0.19,496,20.7,51.0,28.8
R40,E,4852,0.33,256,19.1,37.3,89.0
R41,C,2064,0.79,331,20.0,27.7,70.3
R86,D,1525,0.42,114,4.5,56.2,11.2
R11,D,1535,0.18,425,27.0,27.9,79.0
R23,D,1329,0.39,53,12.9,21.0,129.3
R1,D,2971,0.93,206,10.8,20.8,76.1
R46,D,4262,0.64,298,14.9,44.9,48.4
R21,E,4842,0.45,306,12.9,46.5,43.0
R90,C,3477,0.24,284,26.2,32.4,107.9
R36,D,4022,0.94,355,28.0,32.8,109.2
R54,B,1775,0.8,415,10.5,33.6,26.8
R87,B,3196,0.34,444,26.2,47.2,57.3
R57,C,1108,0.16,123,23.9,22.3,122.2
R1,A,1278,0.15,236,28.1,57.2,45.4
R63,A,2763,0.2,111,8.9,28.9,64.5
R54,A,1025,0.59,386,18.2,60.0,23.0
R55,B,2801,0.89,213,9.7,26.9,50.1
R40,A,3662,0.52,105,25.1,50.9,132.8
R15,E,1516,0.82,160,2.1,28.9,8.5
R21,D,4351,0.48,267,17.8,23.2,121.1
R47,B,2497,0.7,289,11.5,55.0,23.4
R73,C,3106,0.72,70,11.0,54.4,66.0
R53,C,1078,0.25,190,20.1,36.1,52.4
R9,D,1272,0.41,314,25.8,48.1,45.2
R74,B,3110,0.64,188,19.1,42.3,71.9
R52,A,2423,0.16,119,25.9,54.1,87.2
R57,A,898,0.41,434,9.4,32.6,20.9
R26,E,3641,0.55,167,16.5,40.9,77.0
R41,E,524,0.95,247,14.6,39.4,27.0
R35,A,1140,0.5,254,2.3,34.2,5.8
R63,C,2114,0.79,263,17.6,55.7,34.2
R25,C,1406,0.47,105,20.5,26.6,108.2
R90,E,424,0.78,336,18.6,26.0,48.3
R75,D,3546,0.61,342,22.6,43.1,64.1
R38,A,3231,0.85,224,18.0,46.3,57.0
R2,E,4425,0.45,396,3.9,27.8,17.8
R7,E,3271,0.61,419,5.3,35.6,15.9
R82,A,2317,0.64,177,18.7,57.9,44.7
R91,A,2715,0.45,480,9.7,29.9,30.5
R34,C,4890,0.22,427,4.2,46.7,11.6
R91,D,3396,0.18,374,14.0,49.6,32.3
R17,D,1909,0.11,491,17.5,37.9,38.5
R43,A,1017,0.84,341,11.2,57.5,15.2
R59,B,3861,0.3,337,22.2,49.5,57.7
R51,E,1316,0.28,275,20.0,38.3,46.3
R54,E,3865,0.73,113,11.3,42.8,70.0
R24,A,4770,0.37,475,23.1,47.7,58.2
R25,B,2260,0.53,97,20.2,43.7,92.4
R71,C,1348,0.24,251,19.8,55.1,33.1
R52,A,1657,0.92,386,17.5,34.3,43.8
R70,A,3726,0.82,463,2.3,32.0,7.8
R88,E,415,0.83,454,21.5,28.6,49.2
R33,A,2395,0.45,109,12.5,21.5,111.5
R49,A,2101,0.75,446,28.4,21.7,115.5
R29,A,2446,0.22,306,24.9,54.8,49.1
R63,E,1920,0.11,114,18.5,47.1,63.3
R22,C,3250,0.12,288,9.1,46.4,25.0
R26,C,4092,0.6,338,7.7,44.6,22.9
R28,A,3241,0.49,87,11.5,54.0,60.4
R85,E,1277,0.54,74,15.3,39.2,63.8
R49,C,3366,0.11,459,10.3,54.8,19.5
R71,C,1083,0.46,108,16.4,34.4,57.3
R81,C,540,0.71,466,6.6,57.1,7.7
R84,E,1853,0.48,406,29.4,47.9,53.6
R49,E,4878,0.72,432,5.0,30.3,21.1
R20,A,1312,0.3,346,28.1,42.6,54.6
R86,D,486,0.79,207,27.6,41.3,49.5
R92,C,2181,0.6,106,16.7,25.5,120.1
R63,D,4886,0.28,482,22.3,43.6,61.8
R61,E,730,0.3,97,14.2,32.6,45.8
R49,E,538,0.63,377,19.6,22.1,60.8
R71,E,2645,0.81,482,11.5,57.9,18.5
R1,D,375,0.45,480,10.4,45.7,14.7
R96,E,1656,0.32,105,18.2,55.1,51.1
R13,A,2630,0.84,114,15.9,47.0,67.1
R94,E,4986,0.67,317,18.2,34.3,81.9
R87,B,2202,0.48,118,10.0,40.5,42.5
R51,D,4313,0.51,265,12.3,47.0,41.3
R56,B,4970,0.27,439,4.3,58.4,9.4
R83,E,2359,0.63,138,3.5,30.1,18.9
R62,A,440,0.4,498,9.1,55.0,10.8
R32,C,2089,0.95,330,4.1,57.0,7.0
R30,E,3926,0.51,306,4.9,46.8,14.3
R29,A,316,0.51,209,24.8,57.3,29.9
R49,D,4648,0.58,283,3.1,35.9,13.7
R45,B,764,0.88,180,20.5,58.1,30.2
R93,B,4771,0.78,98,9.6,48.1,70.3
R30,B,2127,0.48,196,26.4,21.7,152.2
R16,D,3328,0.71,365,15.6,56.3,31.8
R40,A,819,0.6,462,10.6,39.4,19.0
R19,D,389,0.52,483,16.5,38.4,27.9
R18,B,3151,0.26,51,12.7,42.7,128.1
R1,E,3143,0.49,378,17.8,26.0,75.2
R78,C,2184,0.31,489,5.2,38.8,11.6
R47,D,4471,0.88,194,29.9,53.2,111.4
R66,D,1225,0.39,493,13.9,20.6,50.5
R92,A,4034,0.91,415,11.8,30.9,45.2
R94,A,1269,0.55,469,21.9,20.1,83.1
R38,D,1394,0.64,110,12.2,36.6,45.3
R51,B,3495,0.56,322,25.3,49.1,64.5
R63,C,1704,0.21,98,14.7,52.0,46.5
R4,A,3664,0.42,381,22.1,57.8,45.0
R1,B,4590,0.18,493,5.0,44.3,13.1
R8,E,4282,0.63,453,25.7,30.2,99.3
R29,A,4623,0.48,483,22.6,57.0,46.6
R55,B,4313,0.76,180,7.9,51.0,31.6
R3,B,4856,0.29,92,6.1,43.0,53.4
R32,C,3392,0.24,106,10.9,47.8,57.5
R10,C,4459,0.45,99,29.3,57.0,169.8
R74,E,2374,0.89,227,9.2,48.5,23.3
R83,B,584,0.7,342,14.8,34.7,30.0
R34,B,1487,0.46,95,2.8,48.5,8.9
R97,C,4269,0.54,219,13.1,21.6,107.3
R87,A,3265,0.17,320,18.0,35.5,61.5
R55,A,4619,0.94,466,28.7,36.3,94.5
R92,D,1083,0.67,385,16.5,26.7,47.5
R32,C,1249,0.34,188,24.9,20.9,119.0
R50,D,4239,0.6,296,17.3,25.3,99.8
R7,C,344,0.19,197,3.1,46.2,4.7
R93,E,2110,0.92,279,10.8,52.1,21.8
R8,B,4866,0.25,329,18.1,59.5,45.2
R65,E,2381,0.65,174,28.6,33.9,119.9
R57,C,3798,0.31,241,26.1,44.0,91.7
R67,B,1129,0.71,423,8.4,57.5,11.1
R88,A,2209,0.76,129,8.2,26.7,50.0
R87,A,2881,0.67,143,7.6,48.7,28.2
R59,D,991,0.62,275,27.8,50.2,45.2
R72,C,4319,0.86,114,25.9,23.6,315.3
R54,C,1231,0.17,137,23.7,54.4,49.6
R67,A,3706,0.38,137,13.0,52.5,55.0
R51,E,447,0.31,250,16.1,21.3,53.5
R97,B,1332,0.94,263,15.0,23.6,57.4
R92,E,1611,0.43,253,9.1,22.0,40.6
R8,E,687,0.72,450,16.1,33.4,33.3
R34,A,3421,0.68,431,2.9,40.4,7.7
R35,A,2173,0.28,138,5.7,41.3,21.3
R96,A,3888,0.3,110,26.8,30.7,237.5
R88,D,1215,0.34,320,23.0,56.5,33.7
R78,E,2178,0.45,143,13.8,34.7,60.2
R32,C,4048,0.3,356,16.5,21.8,97.1
R46,B,577,0.12,76,12.4,32.0,40.9
R16,D,2277,0.85,263,22.7,41.2,61.7
R68,C,2159,0.92,123,24.0,36.3,109.3
R37,E,3336,0.39,110,23.4,31.0,182.6
R54,A,3671,0.39,235,22.2,25.3,134.9
R85,E,2482,0.11,80,7.7,52.8,35.9
R14,B,4975,0.68,268,11.5,59.8,33.0
R95,D,1470,0.8,61,15.2,33.2,93.7
R55,D,789,0.22,351,11.3,35.3,23.5
R48,B,2825,0.24,464,23.1,44.7,49.9
R82,C,1482,0.77,81,11.2,48.7,39.0
R7,C,4779,0.62,209,5.9,35.7,32.6
R74,D,4558,0.14,286,13.2,56.2,36.6
R7,D,2788,0.63,276,29.4,42.4,83.6
R33,A,2176,0.36,230,8.3,38.0,25.5
R23,C,2762,0.41,366,19.1,45.9,43.8
R85,B,1930,0.75,95,14.1,58.1,44.1
R19,C,587,0.79,390,4.0,51.8,5.3
R19,A,4582,0.44,129,15.7,21.6,198.5
R36,D,2207,0.91,184,21.7,33.3,86.0
R29,D,1461,0.45,309,16.4,38.8,37.4
R60,A,429,0.76,357,26.4,32.6,54.4
R82,B,2663,0.51,296,10.1,48.0,24.0
R2,D,443,0.86,208,4.4,53.1,6.0
R1,E,315,0.87,252,28.2,49.3,38.6
R47,D,544,0.17,161,12.6,59.6,17.0
R69,E,1226,0.9,341,18.1,30.9,47.8
R20,A,3478,0.8,487,24.2,55.0,45.3
R11,A,2476,0.77,359,11.1,50.7,22.2
R2,D,1186,0.27,168,22.1,34.5,65.6
R67,C,640,0.78,432,5.8,49.4,8.1
R87,E,2351,0.82,66,10.2,24.2,115.4
R12,B,3698,0.35,380,6.1,51.6,14.0
R20,D,4250,0.91,463,24.7,41.3,68.8
R5,B,605,0.14,276,8.2,31.7,18.9
R37,D,1207,0.23,410,22.1,46.2,37.2
R38,C,2954,0.56,455,28.4,45.7,61.5
R94,C,4092,0.59,166,16.8,28.4,123.0
R9,C,4342,0.65,92,17.1,21.2,276.8
R98,C,1671,0.11,417,14.9,37.3,33.6
R53,A,620,0.92,164,11.1,42.8,21.4
R44,A,4954,0.14,332,15.3,55.1,41.5
R99,E,4359,0.22,86,18.9,57.1,120.5
R86,B,1431,0.11,351,29.6,41.2,60.7
R24,D,2878,0.58,162,28.3,50.2,93.9
R81,D,4342,0.89,84,26.1,37.6,256.9
R74,A,3667,0.67,181,26.9,49.8,98.1
R30,D,1117,0.8,385,15.1,28.2,41.4
R59,A,311,0.11,385,20.4,34.8,38.0
R87,E,494,0.56,459,27.1,45.4,39.7
R96,B,2837,0.49,426,13.0,20.7,62.8
R81,E,3142,0.52,277,28.9,48.9,75.7
R81,C,2529,0.16,196,13.6,53.4,35.0
R14,C,3309,0.68,171,18.8,36.0,92.0
R9,C,2377,0.53,130,21.9,37.9,98.1
R40,E,4167,0.75,222,28.6,54.1,91.3
R66,D,743,0.51,203,8.8,51.0,14.1
R25,B,597,0.23,199,22.9,31.5,56.7
R73,C,1144,0.65,424,16.6,33.0,38.3
R22,C,1315,0.25,107,9.5,47.2,26.9
R4,C,1684,0.84,112,23.7,42.5,83.8
R26,B,1697,0.62,205,17.5,26.5,72.4
R58,C,853,0.23,498,20.5,32.4,44.5
R29,B,2650,0.92,477,11.0,56.0,18.3
R98,C,4816,0.54,405,15.5,47.5,42.9
R87,E,1569,0.16,476,19.3,59.4,25.9
R37,E,1560,0.63,470,13.3,50.7,21.0
R75,B,484,0.32,371,7.6,57.7,8.9
R70,E,4863,0.78,450,28.9,28.6,126.1
R18,B,2710,0.8,217,16.3,50.9,43.2
R85,E,4731,0.93,215,22.5,20.8,207.7
R42,E,2509,0.53,134,13.5,46.8,49.7
R100,B,3972,0.49,494,11.9,38.8,33.2
R41,D,4983,0.74,186,13.4,33.9,87.3
R38,E,2181,0.21,238,13.5,54.5,28.5
R34,C,4596,0.56,449,17.2,54.2,38.5
R17,D,821,0.56,428,17.2,20.9,58.8
R37,B,2187,0.18,51,15.9,44.4,113.6
R25,D,2852,0.46,155,5.8,34.7,28.5
R76,A,4109,0.83,413,15.9,36.6,52.0
R87,A,4455,0.83,121,6.7,53.3,35.3
R86,E,4973,0.18,476,5.5,32.4,20.8
R85,E,4716,0.18,175,28.1,57.7,108.0
R27,C,3779,0.32,219,18.9,27.2,113.6
R57,D,1709,0.84,254,20.5,46.5,44.2
R31,A,1994,0.21,362,13.3,46.9,26.4
R6,E,4964,0.71,386,27.5,30.1,125.3
R91,D,826,0.19,244,19.9,33.0,48.4
R40,E,2960,0.63,207,23.5,53.4,64.2
R98,E,2472,0.4,190,12.3,50.5,33.6
R12,A,579,0.77,324,28.9,33.2,61.6
R53,A,3264,0.3,56,25.0,41.4,247.4
R71,E,4277,0.64,442,25.9,22.5,135.9
R10,B,2969,0.3,103,6.8,28.3,56.0
R45,E,3193,0.71,153,9.6,39.4,45.1
R17,E,2051,0.84,391,10.0,23.4,39.1
R26,C,4281,0.21,387,9.6,53.7,22.6
R85,C,2661,0.84,110,26.0,48.7,109.5
R92,C,4727,0.6,136,2.9,57.7,13.5
R62,B,4431,0.21,307,4.1,47.7,12.6
R46,B,2008,0.46,227,9.7,57.6,19.0
R64,E,2986,0.24,291,7.6,42.2,21.9
R2,C,3195,0.7,252,8.5,44.0,26.3
R54,B,4835,0.75,80,24.3,59.1,173.8
R65,A,3076,0.19,338,17.8,45.7,44.6
R51,E,1419,0.53,129,2.2,21.2,13.1
R53,D,3288,0.79,60,14.0,49.0,111.1
R36,E,4559,0.9,466,13.4,56.2,28.3
R26,D,4543,0.54,303,5.2,51.8,15.1
R29,C,494,0.91,433,20.9,43.4,32.2
R21,D,962,0.56,440,21.7,46.9,33.8
R11,C,779,0.44,433,22.2,59.6,26.4
R40,A,4518,0.82,336,22.4,23.6,133.5
R11,D,1723,0.52,225,2.0,46.7,4.5
R36,E,3008,0.5,175,28.7,31.3,149.6
R59,C,3475,0.52,96,24.8,45.6,150.8
R39,E,4114,0.82,255,27.3,44.3,96.6
R99,B,2314,0.81,486,2.4,26.1,8.1
R54,C,4089,0.44,156,28.1,28.3,215.7
R98,D,2743,0.38,324,24.7,44.9,61.0
R55,C,1211,0.52,386,25.4,25.1,79.8
R24,E,3513,0.59,172,4.6,30.6,27.4
R22,A,2664,0.3,183,22.7,53.4,62.6
R69,C,3929,0.77,156,28.9,33.1,184.3
R56,D,3772,0.51,354,21.0,39.5,65.9
R33,B,980,0.38,378,18.0,57.6,23.6
R36,A,4951,0.19,99,28.5,29.1,352.6
R20,B,909,0.3,386,14.4,35.6,30.0
R83,C,2456,0.91,144,18.8,44.3,68.9
R99,E,4166,0.36,317,15.3,50.2,42.3
R81,E,671,0.24,72,28.1,56.1,58.1
R62,D,915,0.49,103,4.1,56.6,8.2
R98,E,2553,0.36,423,16.0,51.1,30.1
R73,A,4438,0.13,303,21.2,29.1,107.7
R26,E,1164,0.37,284,24.2,21.0,97.5
R66,D,1568,0.56,108,18.3,35.4,76.0
R73,C,1084,0.57,213,27.4,25.7,96.5
R73,C,4871,0.4,308,28.4,48.4,90.9
R40,E,4478,0.48,363,3.8,46.4,11.0
R17,B,2537,0.92,265,13.3,21.8,71.7
R1,C,4354,0.42,232,2.7,53.5,8.7
R89,E,1235,0.32,106,11.2,29.9,48.7
R61,D,4280,0.31,194,17.0,37.3,87.7
R43,E,2638,0.49,472,27.5,46.7,55.1
R42,C,625,0.75,139,25.7,37.2,60.1
R25,D,1834,0.28,360,5.6,37.7,13.5
R39,E,3780,0.7,94,4.6,22.6,61.3
R35,A,4161,0.12,306,18.5,36.1,72.6
R3,D,2285,0.46,70,16.9,50.6,85.5
R44,A,4903,0.76,70,9.5,56.6,80.6
R51,B,3078,0.39,101,27.2,36.5,181.0
R94,D,1570,0.58,387,28.0,36.9,64.0
R98,A,940,0.27,220,13.3,48.1,23.7
R12,C,4378,0.73,485,26.9,57.7,53.2
R19,C,4961,0.14,116,12.8,30.7,132.0
R44,B,1667,0.82,162,22.6,37.6,73.2
R59,D,4342,0.27,349,15.3,51.8,39.8
R49,D,2875,0.84,209,5.4,44.4,17.3
R61,D,3903,0.4,315,28.0,24.4,154.2
R17,B,1881,0.71,369,14.7,45.1,29.5
R74,D,2286,0.37,281,22.6,27.5,89.4
R57,C,2540,0.87,374,12.3,40.4,30.7
R55,A,4266,0.21,117,2.5,41.2,16.9
R47,C,2405,0.25,77,4.8,55.0,21.6
R12,C,428,0.52,486,15.9,38.5,27.0
R62,A,4296,0.17,165,21.3,31.2,147.6
R80,C,1151,0.27,100,11.4,29.2,50.4
R88,B,4403,0.9,230,21.5,55.0,68.4
R83,A,2376,0.93,309,21.6,26.8,85.5
R8,C,3294,0.42,128,21.7,37.0,125.7
R95,E,4044,0.88,322,15.8,27.5,77.8
R21,C,3056,0.56,157,27.6,50.9,95.9
R81,B,1944,0.33,123,15.7,39.0,62.3
R87,D,4671,0.7,224,14.6,34.0,79.5
R80,C,3444,0.66,233,7.6,34.4,32.8
R70,D,542,0.94,72,10.6,54.1,20.6
R72,E,4385,0.33,323,3.2,42.2,10.7
R25,C,470,0.67,178,19.7,48.7,30.7
R82,A,952,0.14,340,9.0,55.9,12.4
R89,D,3812,0.2,369,10.5,56.1,22.8
R12,E,1799,0.1,235,23.6,33.1,75.5
R15,A,2399,0.95,108,11.2,58.1,37.3
R59,A,2458,0.78,50,8.8,21.0,148.7
R26,A,2272,0.77,180,6.7,35.1,25.9
R26,A,4225,0.53,116,23.7,55.8,118.3
R47,C,2558,0.36,342,5.6,31.0,18.9
R32,C,4339,0.23,334,14.7,30.9,65.6
R10,C,2335,0.34,138,16.2,32.1,81.5
R16,E,3571,0.42,466,21.2,44.5,50.5
R71,E,1157,0.74,149,19.7,37.5,56.0
R17,E,4123,0.56,238,24.7,49.1,82.5
R23,B,1349,0.17,427,3.3,55.8,4.7
R26,E,4290,0.12,395,10.3,47.0,27.4
R85,C,598,0.19,437,9.8,28.2,23.7
R86,C,1223,0.45,290,6.1,57.3,9.1
R7,B,4532,0.89,319,10.1,30.6,47.9
R14,B,4606,0.64,268,10.7,26.0,67.1
R79,E,3099,0.78,466,16.6,23.6,70.3
R7,D,4362,0.5,455,20.6,42.5,57.0
R9,B,4345,0.41,225,12.7,24.6,90.8
R48,A,2102,0.19,436,22.1,25.6,76.8
R72,C,3013,0.84,390,11.4,32.0,37.9
R59,A,4806,0.77,282,10.1,31.3,52.4
R87,C,3153,0.24,200,17.2,44.2,60.2
R93,C,2957,0.54,326,2.7,52.7,5.9
R82,B,4822,0.51,278,4.2,50.5,13.6
R95,B,3646,0.63,220,13.7,30.5,71.6
R94,A,1771,0.9,272,28.4,29.8,94.4
R39,C,3249,0.59,262,22.2,58.6,50.9
R99,A,1241,0.56,331,4.5,20.3,18.3
R18,D,2207,0.14,90,25.7,55.2,96.4
R59,A,1543,0.15,171,22.5,28.0,91.7
R17,E,4723,0.26,276,19.1,57.9,53.7
R14,A,1766,0.13,343,25.0,33.7,67.4
R31,E,4257,0.73,137,13.3,37.6,87.2
R24,E,2266,0.71,316,8.2,48.3,17.5
R99,E,675,0.22,78,16.3,43.5,41.9
R60,D,562,0.81,296,17.4,32.7,38.0
R45,A,4662,0.23,365,17.1,42.2,55.4
R98,A,3688,0.36,498,17.8,49.2,37.8
R3,D,3695,0.31,293,28.6,21.7,178.8
R37,C,2244,0.42,110,27.3,20.4,244.1
R43,B,2193,0.32,196,26.5,38.3,88.0
R40,A,3934,0.52,223,24.4,25.3,159.9
R90,B,1952,0.45,482,28.4,46.6,51.4
R55,D,4441,0.94,327,4.8,28.6,23.7
R87,C,4192,0.15,383,9.4,37.3,31.7
R39,C,899,0.22,418,15.9,27.9,41.5
R15,C,2212,0.14,490,25.7,41.9,53.4
R4,D,1592,0.63,428,16.1,24.6,53.9
R93,E,900,0.15,191,22.9,20.9,96.7
R86,E,680,0.81,93,5.9,22.0,27.9
R25,B,4513,0.54,193,9.1,58.2,31.3
R13,E,3937,0.55,402,22.5,25.7,104.0
R82,E,2463,0.58,382,6.6,48.3,13.5
R33,C,4655,0.25,445,11.8,22.7,63.8
R16,C,1398,0.27,104,9.4,24.3,54.4
R42,B,665,0.37,356,11.8,40.4,20.8
R66,A,2870,0.6,407,21.8,38.6,57.8
R55,B,3719,0.28,472,12.3,58.1,22.7
R99,B,2776,0.2,466,17.5,57.8,29.0
R42,D,1090,0.92,210,4.8,51.2,8.5
R34,D,3869,0.12,334,24.5,44.1,71.9
R30,B,1046,0.78,374,12.4,38.2,24.9
R13,B,612,0.77,247,20.2,34.2,44.2
R13,B,4933,0.35,208,22.3,57.9,77.9
R18,E,1220,0.22,129,7.9,44.1,20.9
R32,D,1377,0.22,80,26.8,43.2,101.3
R96,B,3129,0.69,161,19.3,29.3,116.3
R99,C,2681,0.65,95,14.0,21.9,146.6
R39,C,3918,0.77,402,7.1,57.8,14.6
R46,E,1097,0.9,254,28.4,32.5,75.1
R29,E,4743,0.69,101,23.1,37.7,209.4
R62,A,572,0.23,187,7.8,24.6,24.8
R93,A,3310,0.31,123,11.5,53.5,47.6
R62,A,2073,0.82,90,24.7,21.1,232.0
R57,E,2847,0.28,126,21.5,53.4,78.7
R16,E,3464,0.16,436,23.4,25.6,98.4
R56,E,1246,0.7,236,14.4,55.5,23.8
R10,C,2965,0.44,419,22.1,49.2,46.0
R30,E,806,0.88,101,12.8,26.6,51.9
R25,C,543,0.65,467,7.9,42.6,12.4
R84,A,805,0.18,482,19.7,32.5,42.4
R5,A,4817,0.91,461,29.3,27.1,132.7
R65,A,3458,0.32,136,10.7,54.4,41.8
R94,B,3890,0.39,158,14.9,36.1,85.7
R49,B,2172,0.44,446,20.9,35.9,51.9
R3,D,4093,0.14,274,17.2,26.8,96.0
R45,D,1492,0.52,297,25.6,35.3,65.4
R14,D,4725,0.2,118,23.3,54.9,127.4
R30,B,1764,0.44,169,3.6,34.5,12.8
R68,B,690,0.4,116,30.0,58.1,49.4
R18,D,4776,0.76,110,23.1,57.9,127.9
R62,D,3677,0.78,493,26.2,25.8,106.4
R37,E,972,0.23,376,20.2,27.1,56.3
R25,D,2860,0.41,457,26.0,54.5,46.5
R48,E,1511,0.42,240,5.1,35.7,14.0
R65,C,1229,0.23,238,11.7,20.2,52.7
R53,B,1839,0.78,200,26.5,31.0,98.5
R79,D,1212,0.7,335,7.6,43.9,14.1
R73,B,943,0.26,493,4.2,52.0,5.8
R15,B,4822,0.41,451,24.1,25.3,118.3
R49,B,801,0.19,145,25.4,24.4,97.0
R88,C,1029,0.63,361,6.6,56.9,8.9
R68,A,1583,0.2,358,25.9,50.0,44.8
R12,D,2418,0.94,312,21.2,43.6,51.8
R59,A,4852,0.76,146,16.6,50.8,84.8
R37,A,4686,0.43,162,25.2,37.2,158.2
R61,A,4136,0.59,174,13.7,50.3,55.2
R43,B,1219,0.87,485,7.4,34.9,15.9
R70,E,4350,0.57,181,10.0,29.8,68.5
R39,B,2639,0.25,467,16.1,49.2,30.7
R56,B,1055,0.42,466,16.9,36.8,33.8
R63,A,2169,0.82,170,24.6,59.3,56.6
R46,B,4772,0.65,246,24.2,34.0,125.5
R88,A,807,0.65,343,18.3,56.9,23.8
R11,E,1736,0.84,171,23.9,57.3,50.4
R62,D,2875,0.86,331,7.4,29.7,27.9
R77,A,3726,0.88,434,3.4,51.9,7.3
R98,E,858,0.18,309,26.5,37.3,54.5
R25,D,3402,0.56,88,4.1,56.7,21.1
R71,C,4816,0.73,103,8.9,38.0,79.8
R52,A,3922,0.74,210,21.5,49.8,74.3
R4,A,4699,0.62,338,13.5,38.7,50.0
R59,C,4357,0.24,249,26.5,29.1,150.2
R72,C,4015,0.78,325,10.3,28.0,49.3
R20,A,1601,0.71,65,2.3,37.0,12.9
R93,C,2455,0.17,454,10.4,50.2,19.2
R63,B,992,0.49,222,18.2,44.2,35.7
R54,D,4650,0.25,297,12.5,47.5,40.5
R74,D,1778,0.39,432,17.0,31.3,46.0
R98,D,556,0.12,267,26.5,39.3,48.9
R57,B,2730,0.44,136,27.5,21.8,227.6
R90,C,741,0.57,131,9.4,52.7,16.8
R41,E,2181,0.63,111,14.9,59.6,44.5
R3,C,2946,0.66,336,17.4,36.3,54.0
R6,A,4120,0.81,91,28.6,20.4,465.0
R5,D,4977,0.28,61,30.0,26.8,615.2
R5,C,2035,0.2,370,8.6,46.1,17.3
R54,E,4035,0.82,283,22.4,44.5,73.3
R47,A,2945,0.23,378,12.6,51.5,26.1
R87,B,318,0.93,180,2.2,30.2,5.1
R49,B,1424,0.82,164,2.3,50.5,5.1
R9,E,4285,0.53,267,14.9,47.5,49.0
R99,A,2954,0.93,186,15.7,32.9,74.1
R20,D,2380,0.18,155,2.6,41.8,9.5
R61,C,1847,0.36,228,21.2,25.9,88.9
R35,A,1161,0.64,65,10.2,38.1,44.8
R50,B,454,0.4,291,17.7,55.2,22.2
R82,E,3794,0.89,383,10.4,36.8,33.8
R62,E,1204,0.16,430,6.7,53.6,9.6
R17,C,1569,0.57,436,13.4,43.6,25.1
R88,E,704,0.6,275,8.5,27.7,23.1
R3,E,1143,0.65,291,17.0,43.2,32.9
R32,A,2082,0.32,457,7.6,40.2,16.5
R99,D,1864,0.41,190,16.2,35.9,53.6
R13,C,1484,0.82,435,6.4,24.8,20.8
R89,A,1046,0.27,248,20.8,36.7,48.3
R73,D,2025,0.8,161,23.1,22.9,136.6
R68,A,3488,0.58,176,5.1,24.0,38.0
R14,A,570,0.75,70,15.1,36.6,44.9
R98,E,4256,0.71,196,4.0,32.2,23.6
R11,D,471,0.28,138,18.7,57.0,26.4
R56,C,573,0.58,352,9.4,35.0,18.7
R67,C,2606,0.84,455,16.8,50.3,31.5
R92,D,1458,0.47,252,16.5,41.2,37.9
R29,E,2006,0.92,466,27.9,48.2,49.7
R9,B,2071,0.48,465,17.4,30.4,49.6
R67,A,721,0.22,497,18.3,57.7,21.8
R25,E,1509,0.43,134,13.2,41.2,40.9
R98,D,4975,0.91,216,28.6,53.3,106.3
R76,A,1190,0.37,433,23.8,34.6,52.6
R42,C,3567,0.84,121,10.0,24.0,98.7
R9,B,1773,0.85,347,25.6,46.9,49.5
R79,C,3543,0.4,58,14.1,20.3,296.3
R40,D,4778,0.17,330,25.2,39.0,94.9
R25,A,2481,0.72,307,25.0,27.7,97.9
R5,D,1749,0.36,324,7.3,45.1,15.0
R11,A,3396,0.77,287,21.6,59.2,47.8
R59,E,3556,0.48,69,10.1,38.6,96.6
R98,B,3456,0.51,282,10.3,52.7,26.1
R88,E,1890,0.76,270,10.3,40.3,26.1
R79,E,4539,0.43,375,22.3,39.8,74.3
R38,D,4281,0.48,66,8.4,57.2,66.0
R72,B,1735,0.42,429,2.0,55.6,3.0
R5,A,523,0.41,138,22.0,51.4,35.4
R48,A,519,0.55,245,6.8,31.9,15.5
R90,C,4574,0.79,399,4.9,41.8,15.1
R18,A,1954,0.41,133,8.7,29.0,44.4
R70,D,4828,0.55,436,12.6,37.8,42.1
R37,E,564,0.67,136,15.3,39.4,33.0
R60,E,1253,0.33,356,3.2,53.3,4.9
R48,E,4824,0.34,387,29.2,55.8,70.5
R77,B,4033,0.89,203,22.0,36.6,107.7
R28,A,3074,0.72,489,11.0,20.7,51.9
R69,D,3424,0.59,277,10.9,54.5,26.8
R77,B,779,0.65,497,14.6,27.0,37.5
R81,C,3814,0.12,313,19.5,44.9,57.8
R40,D,1653,0.63,272,6.1,21.0,28.0
R45,D,3622,0.53,470,7.3,36.0,21.5
R96,D,4178,0.56,170,26.1,59.4,91.2
R62,E,1189,0.41,460,9.2,24.0,28.9
R93,D,4154,0.17,222,12.6,36.9,58.8
R58,A,1224,0.26,53,26.4,32.3,162.3
R67,D,2470,0.91,391,20.6,56.2,35.9
R56,E,2202,0.45,177,11.6,54.8,28.5
R40,D,2695,0.5,159,21.1,29.5,115.7
R98,C,328,0.14,404,2.6,23.2,7.3
R40,C,334,0.13,86,22.6,45.1,41.7
R91,E,3889,0.71,120,15.6,33.5,118.5
R77,A,2970,0.56,338,24.8,46.9,59.6
R33,A,3665,0.53,80,28.7,21.3,451.2
R6,B,888,0.31,488,27.9,25.3,78.2
R88,E,3518,0.73,430,27.5,47.5,63.2
R19,D,3438,0.24,317,16.3,28.5,71.5
R80,E,1203,0.26,60,12.1,54.3,40.2
R40,B,4386,0.49,393,15.0,22.3,85.4
R92,E,2469,0.34,377,21.3,28.6,74.0
R97,E,639,0.31,81,26.8,59.9,48.0
R59,B,4570,0.65,106,7.8,37.3,66.6
R59,A,2014,0.65,215,27.7,48.1,66.9
R48,D,4992,0.8,237,24.8,27.3,169.3
R41,B,4846,0.46,391,29.4,44.4,89.0
R13,C,856,0.16,68,26.6,49.0,73.6
R45,A,3387,0.33,165,9.8,32.6,55.1
R89,C,3566,0.93,233,5.0,53.2,14.3
R53,A,3867,0.61,319,5.1,44.1,15.4
R42,D,2356,0.7,82,10.2,35.6,66.6
R100,D,4199,0.11,59,19.2,42.3,221.1
R63,E,1316,0.54,129,24.5,43.1,68.9
R27,C,2362,0.13,241,27.2,26.6,121.5
R38,A,1138,0.58,369,19.5,36.1,42.4
R60,D,1937,0.88,239,2.2,33.7,7.1
R7,B,4621,0.92,117,7.2,36.0,59.4
R5,D,3796,0.56,397,4.8,50.4,11.2
R45,B,2113,0.49,174,12.2,39.3,41.2
R58,A,3779,0.9,476,16.0,57.6,29.9
R31,D,1751,0.67,385,3.2,31.7,8.8
R23,D,2613,0.16,108,11.8,36.6,66.1
R42,A,1814,0.5,485,7.0,51.5,11.2
R10,D,1531,0.3,146,20.1,41.8,59.1
R32,B,1945,0.5,324,15.0,41.9,34.4
R53,D,3299,0.49,198,15.9,22.1,115.1
R30,C,3740,0.59,327,14.0,35.9,50.2
R39,E,4356,0.4,314,28.8,30.8,133.9
R31,B,605,0.24,58,8.0,60.0,16.3
R82,C,3836,0.53,332,16.5,32.3,66.1
R100,A,2023,0.81,322,22.6,55.4,39.9
R2,B,1989,0.66,477,17.6,47.0,31.8
R78,E,1817,0.39,350,28.0,33.6,76.0
R77,E,4217,0.9,57,12.6,41.7,152.3
R93,A,719,0.88,257,15.0,53.6,21.5
R12,A,3236,0.28,451,4.5,55.3,8.4
R39,B,4162,0.13,174,19.1,26.4,147.2
R66,D,4529,0.73,172,10.1,33.6,65.5
R96,A,1750,0.8,82,6.5,33.4,36.6
R13,D,3396,0.92,50,17.2,21.7,370.6
R46,C,3561,0.86,253,16.9,43.9,55.6
R27,E,1464,0.61,55,4.1,54.2,16.6
R17,D,2169,0.55,346,21.6,35.3,59.7
R95,E,2119,0.12,488,19.5,49.6,33.8
R98,D,3005,0.31,54,7.3,45.1,63.8
R60,C,3815,0.49,492,15.1,35.0,46.0
R64,A,1642,0.63,129,22.2,25.6,118.3
R88,C,2526,0.57,323,16.8,48.4,37.1
R35,A,1379,0.73,226,13.1,54.2,23.4
R70,A,4506,0.34,387,11.0,47.4,30.1
R83,E,4863,0.58,370,19.1,20.7,128.1
R30,C,3079,0.17,388,28.3,28.6,106.5
R71,D,2828,0.45,487,20.8,22.8,86.5
R74,C,1113,0.74,494,4.1,42.8,7.0
R96,E,2331,0.69,185,14.9,50.3,40.2
R98,A,622,0.94,436,26.9,24.4,75.6
R63,E,3269,0.34,74,4.6,53.5,27.9
R28,B,1203,0.52,374,29.7,42.2,55.8
R60,B,1841,0.38,232,28.6,47.6,64.7
R79,D,3803,0.47,217,4.2,58.9,11.8
R94,E,2953,0.83,387,28.1,23.3,127.6
R37,D,2776,0.68,227,12.2,56.0,29.1
R93,D,3640,0.85,422,25.7,25.0,114.9
R22,B,4543,0.27,144,13.7,35.7,95.7
R68,D,1441,0.84,82,14.3,54.1,43.7
R20,B,1149,0.15,160,19.8,56.3,36.3
R96,A,666,0.86,195,23.7,40.3,47.3
R100,E,3197,0.38,430,2.9,43.8,6.9
R68,D,1389,0.37,490,18.6,48.3,29.7
R91,B,4341,0.54,280,7.2,53.3,20.7
R64,C,2338,0.9,321,11.7,24.9,48.7
R17,D,3160,0.14,385,11.7,52.4,24.4
R12,A,4570,0.4,87,15.1,39.3,144.2
R22,A,2154,0.83,474,11.4,38.0,26.2
R17,C,4983,0.44,184,5.0,37.0,30.1
R10,B,794,0.27,383,6.1,40.4,10.9
R65,D,3482,0.46,284,2.9,57.8,6.7
R22,B,2084,0.43,486,15.2,41.9,31.1
R90,A,3810,0.88,368,28.7,58.1,60.3
R82,B,4086,0.75,417,5.2,27.2,22.7
R50,A,4430,0.53,394,28.5,49.0,74.1
R14,B,1298,0.94,209,22.5,52.5,41.7
R64,C,4769,0.5,87,19.8,47.2,163.1
R47,E,1751,0.15,199,20.1,44.3,51.2
R29,C,2051,0.32,449,25.1,42.6,51.5
R76,C,2580,0.47,357,5.0,54.4,9.5
R36,E,4958,0.23,78,16.1,52.9,134.3
R99,E,3234,0.91,193,21.5,24.9,138.6
R52,D,4034,0.75,125,18.4,53.9,86.6
R76,D,3646,0.33,194,25.3,36.6,119.4
R7,C,2173,0.6,278,4.0,30.1,14.2
R29,C,4834,0.71,113,21.3,54.8,123.1
R11,A,4103,0.9,396,17.0,37.3,55.7
R33,A,2279,0.85,394,12.6,52.3,22.8
R6,D,998,0.54,318,11.5,30.5,29.7
R79,D,1612,0.76,377,19.4,20.2,82.3
R32,A,3262,0.58,233,26.9,39.8,97.3
R51,A,3238,0.57,310,15.9,24.0,81.3
R75,B,2600,0.2,317,25.1,50.2,54.6
R58,B,3497,0.21,218,13.3,31.0,67.0
R87,A,426,0.55,308,4.9,37.7,8.9
R26,B,1491,0.33,276,3.7,23.5,14.6
R98,E,2939,0.12,82,3.4,31.5,29.7
R46,D,4689,0.71,426,12.6,51.3,31.0
R98,D,4216,0.13,263,11.4,26.1,68.2
R29,A,1666,0.61,99,22.1,45.9,77.5
R4,C,1319,0.56,489,22.8,56.7,30.6
R81,A,4379,0.92,442,3.4,47.2,8.6
R99,B,4814,0.51,259,8.2,52.4,26.8
R13,C,4839,0.15,483,9.7,24.4,47.7
R39,B,984,0.57,78,17.3,30.0,78.2
R15,E,3929,0.81,88,6.0,55.8,35.3
R29,B,3187,0.95,396,5.8,48.6,12.9
R29,E,1762,0.47,149,28.4,45.6,81.6
R75,E,4386,0.37,222,24.5,46.6,93.9
R32,B,2561,0.87,66,7.1,36.6,56.8
R2,B,4480,0.26,105,13.4,21.8,194.2
R47,E,3141,0.62,275,12.0,51.4,30.0
R78,C,2067,0.44,95,24.1,47.1,97.5
R84,E,4480,0.13,116,16.3,38.9,122.2
R22,D,3860,0.4,246,5.6,56.0,15.4
R75,E,2412,0.33,191,22.7,33.4,92.3
R27,C,926,0.68,372,13.1,31.8,30.9
R67,D,4459,0.91,72,9.4,54.9,73.9
R81,A,3714,0.33,143,12.5,51.9,52.0
R56,A,1675,0.79,291,15.9,40.6,37.0
R92,C,1481,0.15,286,11.6,25.2,41.9
R93,E,790,0.56,494,8.8,28.6,21.4
R21,B,4029,0.16,456,13.2,46.2,32.3
R47,C,3834,0.89,460,2.5,35.4,7.8
R80,D,3596,0.75,103,23.6,53.5,118.9
R59,D,2240,0.66,187,6.8,58.0,15.5
R84,A,4708,0.8,382,3.2,52.2,8.2
R6,D,2182,0.65,321,20.3,35.1,58.3
R19,C,3287,0.92,90,23.7,51.5,128.5
R57,D,3459,0.71,147,24.8,34.1,146.3
R69,C,4830,0.89,232,15.8,26.7,109.4
R3,B,981,0.54,177,7.8,21.3,34.1
R1,A,1373,0.2,278,22.6,35.4,57.2
R58,D,2687,0.55,366,21.6,56.1,40.1
R38,C,2694,0.21,135,8.9,29.6,54.0
R15,E,2993,0.6,305,27.3,28.3,114.7
R34,A,1670,0.51,258,4.9,58.8,8.2
R61,B,4640,0.63,264,29.5,21.0,232.4
R35,C,2456,0.11,423,26.1,51.4,48.2
R64,B,2880,0.27,149,21.3,32.9,113.9
R25,B,4691,0.52,98,28.3,21.5,457.0
R24,D,2459,0.91,250,22.2,56.7,46.6
R12,D,3548,0.43,485,7.3,25.6,29.6
R18,C,4031,0.46,307,14.4,42.1,47.5
R15,E,4129,0.71,425,4.0,31.0,15.3
R80,C,1927,0.61,227,12.9,22.6,63.3
R27,E,3772,0.35,294,22.8,22.0,142.0
R72,B,327,0.45,172,12.8,24.6,37.2
R60,A,2285,0.29,391,11.2,22.9,46.5
R46,C,4453,0.92,220,18.7,50.4,67.3
R89,C,1821,0.21,382,26.4,39.4,59.4
R17,E,596,0.42,185,3.3,33.7,7.8
R93,B,2481,0.12,108,12.8,36.7,69.0
R53,B,3702,0.29,242,6.4,57.2,17.0
R8,E,2596,0.76,317,21.5,56.4,41.6
R79,B,2897,0.27,309,5.0,48.6,12.0
R27,D,1201,0.17,422,20.6,55.4,28.7
R46,A,1398,0.5,144,10.0,32.8,36.1
R50,C,1977,0.11,174,7.6,35.2,27.7
R71,A,3181,0.17,90,28.2,44.5,172.4
R3,C,1678,0.79,428,2.5,44.9,4.7
R93,D,1548,0.76,303,14.3,39.3,33.0
R64,B,4035,0.88,56,2.6,36.0,35.6
R44,E,4541,0.83,265,15.5,59.4,42.5
R53,D,1564,0.68,118,16.0,52.8,42.3
R24,A,2207,0.14,118,11.0,37.4,50.7
R60,E,1358,0.77,130,5.7,49.1,14.2
R3,B,3049,0.82,79,12.5,30.8,118.3
R20,D,2348,0.78,122,20.8,24.0,152.1
R46,E,4548,0.53,311,23.9,34.1,103.5
R15,D,2776,0.3,138,16.9,36.1,84.6
R25,D,4316,0.82,452,18.5,20.7,104.8
R94,B,4903,0.72,257,7.6,52.6,25.2
R78,C,3497,0.93,262,10.0,34.4,40.7
R71,E,4886,0.23,371,6.5,43.2,20.9
R17,B,3853,0.29,315,9.0,23.0,52.2
R84,D,4740,0.28,449,8.3,27.0,37.9
R100,B,2061,0.77,342,16.5,55.6,28.5
R9,C,520,0.26,256,17.8,44.3,29.0
R38,E,4923,0.16,382,28.5,58.0,67.5
R48,C,3188,0.95,126,7.5,60.0,26.5
R60,A,1964,0.12,337,20.0,34.9,54.4
R63,E,4286,0.81,96,24.9,32.0,255.1
R86,C,4876,0.41,159,17.7,54.3,79.5
R2,D,3277,0.82,249,9.1,59.9,21.1
R88,E,2171,0.57,476,9.4,45.2,18.2
R72,E,1762,0.87,259,3.1,51.8,6.0
R11,B,644,0.89,425,10.6,51.3,14.3
R64,D,344,0.11,469,22.8,34.2,42.9
R77,A,2368,0.16,203,3.3,43.0,10.0
R81,C,1814,0.31,59,8.1,53.3,37.2
R72,B,2898,0.67,464,21.8,47.5,44.7
R21,C,1301,0.86,402,23.9,20.8,91.3
R18,A,1333,0.49,206,14.7,33.5,43.4
R94,A,2340,0.62,310,21.5,25.8,87.7
R64,E,573,0.26,126,12.9,29.3,38.4
R82,A,2947,0.78,306,6.5,56.2,13.6
R95,C,2079,0.92,180,13.1,21.5,78.8
R38,D,4776,0.33,116,18.2,28.8,194.0
R32,D,778,0.52,277,28.5,32.4,67.6
R11,E,815,0.17,212,3.9,44.7,7.2
R45,C,4586,0.58,64,16.2,41.4,191.7
R89,C,1491,0.53,281,11.2,28.7,35.8
R33,A,2968,0.22,244,16.2,26.6,81.0
R41,C,1711,0.48,398,2.7,29.5,7.9
R8,B,3580,0.38,79,10.8,40.1,89.4
R11,A,571,0.54,408,25.0,30.8,55.5
R86,B,442,0.6,387,17.5,57.9,20.2
R51,E,3632,0.11,380,14.6,38.6,44.4
R88,D,1087,0.75,476,10.0,22.4,32.9
R41,E,1981,0.71,365,10.3,49.2,19.4
R17,D,922,0.41,345,12.7,33.2,29.1
